START_TIME,STOP_TIME,PREDICTION,SOURCE,LABELSET,VIDEO_START_TIME,VIDEO_STOP_TIME
2021-12-19 21:23:44.750,2021-12-19 21:25:29.762,Standing_With_Movement,Expert,PA TYPE,,
2021-12-19 21:25:34.762,2021-12-19 21:26:56.762,Sitting_With_Movement,Expert,PA TYPE,,
2021-12-19 21:27:28.762,2021-12-19 21:31:14.775,Sitting_With_Movement,Expert,PA TYPE,,
2021-12-19 21:31:16.775,2021-12-19 21:33:19.775,Standing_With_Movement,Expert,PA TYPE,,
2021-12-19 21:33:57.775,2021-12-19 21:34:50.775,Standing_With_Movement,Expert,PA TYPE,,
2021-12-19 21:34:54.787,2021-12-19 21:36:31.787,Sitting_With_Movement,Expert,PA TYPE,,
2021-12-19 21:36:33.787,2021-12-19 21:36:50.787,Standing_With_Movement,Expert,PA TYPE,,
2021-12-19 21:36:52.787,2021-12-19 21:42:42.800,Sitting_With_Movement,Expert,PA TYPE,,
2021-12-19 21:42:46.800,2021-12-19 21:43:07.800,Puttering_Around,Expert,PA TYPE,,
2021-12-19 21:43:10.800,2021-12-19 21:44:58.800,Standing_With_Movement,Expert,PA TYPE,,
2021-12-19 21:45:01.800,2021-12-19 22:09:03.862,Sitting_With_Movement,Expert,PA TYPE,,
2021-12-19 22:09:06.862,2021-12-19 22:13:49.875,Sitting_With_Movement,Expert,PA TYPE,,
2021-12-19 22:13:57.875,2021-12-19 22:17:05.875,Sitting_With_Movement,Expert,PA TYPE,,
2021-12-19 22:17:48.875,2021-12-19 22:18:28.887,Standing_With_Movement,Expert,PA TYPE,,
2021-12-19 22:20:49.887,2021-12-19 22:28:29.900,Puttering_Around,Expert,PA TYPE,,
2021-12-19 22:28:33.900,2021-12-19 22:28:54.900,Standing_With_Movement,Expert,PA TYPE,,
2021-12-19 22:28:56.900,2021-12-19 22:29:14.912,Walking,Expert,PA TYPE,,
2021-12-19 22:29:15.912,2021-12-19 22:30:58.912,Walking,Expert,PA TYPE,,
2021-12-19 22:31:09.912,2021-12-19 22:35:29.925,Sitting_With_Movement,Expert,PA TYPE,,
2021-12-19 22:35:32.925,2021-12-19 22:35:42.925,Walking,Expert,PA TYPE,,
2021-12-19 22:35:44.925,2021-12-19 22:35:55.925,Standing_With_Movement,Expert,PA TYPE,,
2021-12-19 22:35:56.925,2021-12-19 22:36:13.925,Walking,Expert,PA TYPE,,
2021-12-19 22:36:31.925,2021-12-19 22:37:30.925,Puttering_Around,Expert,PA TYPE,,
2021-12-19 22:37:33.925,2021-12-19 22:37:52.925,Puttering_Around,Expert,PA TYPE,,
2021-12-19 22:37:58.925,2021-12-19 22:39:18.925,Puttering_Around,Expert,PA TYPE,,
2021-12-19 22:39:20.925,2021-12-19 22:41:38.937,Standing_With_Movement,Expert,PA TYPE,,
2021-12-19 22:41:50.937,2021-12-19 22:42:13.937,Synchronizing_Sensors,Expert,PA TYPE,,
2021-12-20 11:41:33.675,2021-12-20 11:41:56.662,Synchronizing_Sensors,Expert,PA TYPE,,
2021-12-20 11:41:56.662,2021-12-20 11:42:08.662,Puttering_Around,Expert,PA TYPE,,
2021-12-20 11:42:10.662,2021-12-20 11:42:25.662,Puttering_Around,Expert,PA TYPE,,
2021-12-20 11:42:42.662,2021-12-20 11:42:58.662,PA_Type_Other,Expert,PA TYPE,,
2021-12-20 11:43:04.662,2021-12-20 11:46:07.662,Puttering_Around,Expert,PA TYPE,,
2021-12-20 11:46:09.662,2021-12-20 11:46:38.662,Puttering_Around,Expert,PA TYPE,,
2021-12-20 11:46:43.662,2021-12-20 11:48:11.662,Puttering_Around,Expert,PA TYPE,,
2021-12-20 11:48:14.662,2021-12-20 12:30:14.612,PA_Type_VideoUnavailable/Indecipherable,Expert,PA TYPE,,
2021-12-20 12:30:30.612,2021-12-20 12:35:31.612,Puttering_Around,Expert,PA TYPE,,
2021-12-20 12:35:38.612,2021-12-20 12:37:45.612,Puttering_Around,Expert,PA TYPE,,
2021-12-20 12:37:51.612,2021-12-20 12:40:34.600,Sitting_With_Movement,Expert,PA TYPE,,
2021-12-20 12:40:35.600,2021-12-20 12:46:12.600,Sitting_With_Movement,Expert,PA TYPE,,
2021-12-20 12:46:17.600,2021-12-20 12:50:11.587,Puttering_Around,Expert,PA TYPE,,
2021-12-20 12:50:18.587,2021-12-20 12:51:22.587,Puttering_Around,Expert,PA TYPE,,
2021-12-20 12:51:29.587,2021-12-20 12:52:10.587,Puttering_Around,Expert,PA TYPE,,
2021-12-20 12:52:12.587,2021-12-20 12:54:50.587,Puttering_Around,Expert,PA TYPE,,
2021-12-20 12:54:52.587,2021-12-20 12:57:19.587,Standing_With_Movement,Expert,PA TYPE,,
2021-12-20 12:57:27.587,2021-12-20 12:58:51.587,Puttering_Around,Expert,PA TYPE,,
2021-12-20 13:00:01.587,2021-12-20 13:07:33.575,Walking,Expert,PA TYPE,,
2021-12-20 13:07:36.575,2021-12-20 13:07:50.575,Walking,Expert,PA TYPE,,
2021-12-20 13:07:50.575,2021-12-20 13:07:58.575,Standing_With_Movement,Expert,PA TYPE,,
2021-12-20 13:08:01.575,2021-12-20 13:08:28.575,Standing_With_Movement,Expert,PA TYPE,,
2021-12-20 13:08:30.575,2021-12-20 13:09:03.575,Walking,Expert,PA TYPE,,
2021-12-20 13:09:21.575,2021-12-20 13:10:47.575,Puttering_Around,Expert,PA TYPE,,
2021-12-20 13:11:01.575,2021-12-20 13:11:22.575,Puttering_Around,Expert,PA TYPE,,
2021-12-20 13:11:45.575,2021-12-20 13:12:20.575,Standing_With_Movement,Expert,PA TYPE,,
2021-12-20 13:12:26.575,2021-12-20 13:16:52.562,Sitting_With_Movement,Expert,PA TYPE,,
2021-12-20 13:17:13.562,2021-12-20 13:27:09.550,Sitting_With_Movement,Expert,PA TYPE,,
2021-12-20 13:27:14.550,2021-12-20 13:30:05.550,Sitting_With_Movement,Expert,PA TYPE,,
2021-12-20 13:30:19.550,2021-12-20 13:33:49.550,Sitting_With_Movement,Expert,PA TYPE,,
2021-12-20 13:34:01.550,2021-12-20 13:35:06.550,Sitting_With_Movement,Expert,PA TYPE,,
2021-12-20 13:35:11.550,2021-12-20 13:35:37.550,Walking,Expert,PA TYPE,,
2021-12-20 13:35:39.550,2021-12-20 13:35:59.537,Standing_With_Movement,Expert,PA TYPE,,
2021-12-20 13:36:00.537,2021-12-20 13:36:49.537,Walking,Expert,PA TYPE,,
2021-12-20 13:37:27.537,2021-12-20 13:37:50.537,Walking,Expert,PA TYPE,,
2021-12-20 13:37:57.537,2021-12-20 13:38:18.537,Standing_With_Movement,Expert,PA TYPE,,
2021-12-20 13:38:20.537,2021-12-20 13:38:44.537,Walking,Expert,PA TYPE,,
2021-12-20 13:38:49.537,2021-12-20 13:39:23.537,Standing_With_Movement,Expert,PA TYPE,,
2021-12-20 13:39:30.537,2021-12-20 13:39:42.537,Walking,Expert,PA TYPE,,
2021-12-20 13:39:43.537,2021-12-20 13:43:05.537,Walking,Expert,PA TYPE,,
2021-12-20 13:43:07.537,2021-12-20 13:43:12.537,Standing_With_Movement,Expert,PA TYPE,,
2021-12-20 13:43:13.537,2021-12-20 13:43:30.537,Standing_With_Movement,Expert,PA TYPE,,
2021-12-20 13:43:31.537,2021-12-20 13:44:38.537,Walking,Expert,PA TYPE,,
2021-12-20 13:44:39.537,2021-12-20 13:48:13.525,Walking,Expert,PA TYPE,,
2021-12-20 13:48:15.525,2021-12-20 13:48:38.525,Standing_With_Movement,Expert,PA TYPE,,
2021-12-20 13:48:41.525,2021-12-20 13:48:58.525,Walking,Expert,PA TYPE,,
2021-12-20 13:49:04.525,2021-12-20 13:53:06.525,Puttering_Around,Expert,PA TYPE,,
2021-12-20 13:53:12.525,2021-12-20 13:53:40.525,Puttering_Around,Expert,PA TYPE,,
2021-12-20 13:53:47.525,2021-12-20 14:38:01.475,Sitting_With_Movement,Expert,PA TYPE,,
2021-12-20 14:38:18.475,2021-12-20 14:39:42.475,Sitting_With_Movement,Expert,PA TYPE,,
2021-12-20 14:39:47.475,2021-12-20 14:39:54.475,Puttering_Around,Expert,PA TYPE,,
2021-12-20 14:40:00.475,2021-12-20 14:40:08.475,Puttering_Around,Expert,PA TYPE,,
2021-12-20 14:40:09.475,2021-12-20 14:40:39.475,Standing_With_Movement,Expert,PA TYPE,,
2021-12-20 14:40:40.475,2021-12-20 14:41:40.475,Walking,Expert,PA TYPE,,
2021-12-20 14:41:40.475,2021-12-20 14:42:26.475,Walking,Expert,PA TYPE,,
2021-12-20 14:42:27.475,2021-12-20 14:48:32.462,Walking,Expert,PA TYPE,,
2021-12-20 14:48:36.462,2021-12-20 14:48:48.462,Walking,Expert,PA TYPE,,
2021-12-20 14:49:09.462,2021-12-20 14:49:30.462,Puttering_Around,Expert,PA TYPE,,
2021-12-20 14:49:31.462,2021-12-20 14:50:14.462,Walking,Expert,PA TYPE,,
2021-12-20 14:51:03.462,2021-12-20 14:51:17.462,Sitting_With_Movement,Expert,PA TYPE,,
2021-12-20 14:51:21.462,2021-12-20 15:12:43.437,Sitting_With_Movement,Expert,PA TYPE,,
2021-12-20 15:12:44.437,2021-12-20 15:14:31.437,Sitting_With_Movement,Expert,PA TYPE,,
2021-12-20 15:14:31.437,2021-12-20 15:22:42.425,Sitting_With_Movement,Expert,PA TYPE,,
2021-12-20 15:22:55.425,2021-12-20 15:29:27.425,Sitting_With_Movement,Expert,PA TYPE,,
2021-12-20 15:29:32.425,2021-12-20 15:30:21.412,Puttering_Around,Expert,PA TYPE,,
2021-12-20 15:30:36.412,2021-12-20 15:34:22.412,Walking,Expert,PA TYPE,,
2021-12-20 15:35:03.412,2021-12-20 15:35:17.412,Washing_Hands,Expert,PA TYPE,,
2021-12-20 15:35:44.412,2021-12-20 15:36:16.412,Puttering_Around,Expert,PA TYPE,,
2021-12-20 15:36:31.412,2021-12-20 15:38:39.412,Standing_With_Movement,Expert,PA TYPE,,
2021-12-20 15:38:42.412,2021-12-20 15:43:38.400,Standing_With_Movement,Expert,PA TYPE,,
2021-12-20 15:43:39.400,2021-12-20 15:43:56.400,Puttering_Around,Expert,PA TYPE,,
2021-12-20 15:43:56.400,2021-12-20 15:48:53.400,Standing_With_Movement,Expert,PA TYPE,,
2021-12-20 15:49:07.400,2021-12-20 15:49:57.400,Puttering_Around,Expert,PA TYPE,,
2021-12-20 15:50:00.400,2021-12-20 15:51:23.400,Puttering_Around,Expert,PA TYPE,,
2021-12-20 15:51:24.400,2021-12-20 16:07:08.375,Standing_With_Movement,Expert,PA TYPE,,
2021-12-20 16:07:11.375,2021-12-20 16:07:35.375,Walking,Expert,PA TYPE,,
2021-12-20 16:08:14.375,2021-12-20 16:08:37.375,Kneeling_With_Movement,Expert,PA TYPE,,
2021-12-20 16:08:41.375,2021-12-20 16:09:10.375,Walking,Expert,PA TYPE,,
2021-12-20 16:09:18.375,2021-12-20 16:39:37.337,PA_Type_VideoUnavailable/Indecipherable,Expert,PA TYPE,,
2021-12-20 16:39:53.337,2021-12-20 16:40:06.337,Standing_With_Movement,Expert,PA TYPE,,
2021-12-20 16:40:16.337,2021-12-20 16:40:54.337,Sitting_With_Movement,Expert,PA TYPE,,
2021-12-20 16:41:00.337,2021-12-20 16:41:17.337,Puttering_Around,Expert,PA TYPE,,
2021-12-20 16:41:20.337,2021-12-20 16:41:41.337,Sitting_With_Movement,Expert,PA TYPE,,
2021-12-20 16:41:44.337,2021-12-20 16:44:29.337,Standing_With_Movement,Expert,PA TYPE,,
2021-12-20 16:44:33.337,2021-12-20 16:58:07.325,Sitting_With_Movement,Expert,PA TYPE,,
2021-12-20 16:58:08.325,2021-12-20 17:00:22.325,Sitting_With_Movement,Expert,PA TYPE,,
2021-12-20 17:00:24.325,2021-12-20 17:01:53.312,Sitting_With_Movement,Expert,PA TYPE,,
2021-12-20 17:01:57.312,2021-12-20 17:04:02.312,Sitting_With_Movement,Expert,PA TYPE,,
2021-12-20 17:04:09.312,2021-12-20 17:20:39.300,Sitting_With_Movement,Expert,PA TYPE,,
2021-12-20 17:20:39.300,2021-12-20 17:26:10.287,Sitting_With_Movement,Expert,PA TYPE,,
2021-12-20 17:26:42.287,2021-12-20 17:28:46.287,Standing_With_Movement,Expert,PA TYPE,,
2021-12-20 17:29:02.287,2021-12-20 17:30:54.287,Puttering_Around,Expert,PA TYPE,,
2021-12-20 17:30:59.287,2021-12-20 17:31:09.287,Puttering_Around,Expert,PA TYPE,,
2021-12-20 17:31:15.287,2021-12-20 17:36:42.275,Standing_With_Movement,Expert,PA TYPE,,
2021-12-20 17:36:59.275,2021-12-20 17:37:18.275,Walking,Expert,PA TYPE,,
2021-12-20 17:37:19.275,2021-12-20 17:37:59.275,Standing_With_Movement,Expert,PA TYPE,,
2021-12-20 17:38:00.275,2021-12-20 17:38:23.275,Standing_With_Movement,Expert,PA TYPE,,
2021-12-20 17:38:25.275,2021-12-20 17:38:44.275,Walking,Expert,PA TYPE,,
2021-12-20 17:38:44.275,2021-12-20 17:41:11.275,Walking,Expert,PA TYPE,,
2021-12-20 17:41:14.275,2021-12-20 17:43:10.275,Walking,Expert,PA TYPE,,
2021-12-20 17:43:12.275,2021-12-20 17:43:35.275,Standing_With_Movement,Expert,PA TYPE,,
2021-12-20 17:44:21.275,2021-12-20 17:57:16.262,Sitting_With_Movement,Expert,PA TYPE,,
2021-12-20 17:57:21.262,2021-12-20 17:57:40.262,Puttering_Around,Expert,PA TYPE,,
2021-12-20 17:58:03.262,2021-12-20 17:58:41.262,Walking,Expert,PA TYPE,,
2021-12-20 17:58:41.262,2021-12-20 18:02:41.250,Walking,Expert,PA TYPE,,
2021-12-20 18:02:43.250,2021-12-20 18:03:17.250,Puttering_Around,Expert,PA TYPE,,
2021-12-20 18:03:17.250,2021-12-20 18:03:37.250,Puttering_Around,Expert,PA TYPE,,
2021-12-20 18:03:44.250,2021-12-20 18:04:07.250,Standing_With_Movement,Expert,PA TYPE,,
2021-12-20 18:04:09.250,2021-12-20 18:04:56.250,Puttering_Around,Expert,PA TYPE,,
2021-12-20 18:05:10.250,2021-12-20 18:06:52.250,Sitting_With_Movement,Expert,PA TYPE,,
2021-12-20 18:06:54.250,2021-12-20 18:07:38.250,Sitting_With_Movement,Expert,PA TYPE,,
2021-12-20 18:07:50.250,2021-12-20 18:08:18.250,Sitting_With_Movement,Expert,PA TYPE,,
2021-12-20 18:08:19.250,2021-12-20 18:15:21.237,Sitting_With_Movement,Expert,PA TYPE,,
2021-12-20 18:15:29.237,2021-12-20 18:16:30.237,Sitting_With_Movement,Expert,PA TYPE,,
2021-12-20 18:16:41.237,2021-12-20 18:17:01.237,Sitting_With_Movement,Expert,PA TYPE,,
2021-12-20 18:17:12.237,2021-12-20 18:17:28.237,Puttering_Around,Expert,PA TYPE,,
2021-12-20 18:17:43.237,2021-12-20 18:18:33.237,Puttering_Around,Expert,PA TYPE,,
2021-12-20 18:18:34.237,2021-12-20 18:25:07.225,Puttering_Around,Expert,PA TYPE,,
2021-12-20 18:25:55.225,2021-12-20 18:28:11.225,Standing_With_Movement,Expert,PA TYPE,,
2021-12-20 18:28:14.225,2021-12-20 18:28:41.225,Standing_With_Movement,Expert,PA TYPE,,
2021-12-20 18:29:00.225,2021-12-20 18:29:14.225,Standing_With_Movement,Expert,PA TYPE,,
2021-12-20 18:29:17.225,2021-12-20 18:29:51.225,Walking,Expert,PA TYPE,,
2021-12-20 18:29:52.225,2021-12-20 18:30:26.225,Standing_With_Movement,Expert,PA TYPE,,
2021-12-20 18:30:29.225,2021-12-20 18:30:50.225,Standing_With_Movement,Expert,PA TYPE,,
2021-12-20 18:30:52.225,2021-12-20 18:30:57.225,Walking,Expert,PA TYPE,,
2021-12-20 18:31:00.225,2021-12-20 18:31:26.225,Standing_With_Movement,Expert,PA TYPE,,
2021-12-20 18:31:29.225,2021-12-20 18:31:40.225,Walking,Expert,PA TYPE,,
2021-12-20 18:31:42.225,2021-12-20 18:37:35.212,Walking,Expert,PA TYPE,,
2021-12-20 18:37:41.212,2021-12-20 18:39:30.212,Walking,Expert,PA TYPE,,
2021-12-20 18:39:40.212,2021-12-20 18:39:54.212,Walking,Expert,PA TYPE,,
2021-12-20 18:40:08.212,2021-12-20 18:40:44.212,Puttering_Around,Expert,PA TYPE,,
2021-12-20 18:40:52.212,2021-12-20 18:41:36.212,Kneeling_With_Movement,Expert,PA TYPE,,
2021-12-20 18:41:47.212,2021-12-20 18:44:00.212,Sitting_With_Movement,Expert,PA TYPE,,
2021-12-20 18:44:02.212,2021-12-20 18:44:50.200,Sitting_With_Movement,Expert,PA TYPE,,
2021-12-20 18:44:54.200,2021-12-20 18:45:09.200,Puttering_Around,Expert,PA TYPE,,
2021-12-20 18:45:23.200,2021-12-20 18:45:55.200,Puttering_Around,Expert,PA TYPE,,
2021-12-20 18:45:58.200,2021-12-20 18:47:37.200,Standing_With_Movement,Expert,PA TYPE,,
2021-12-20 18:47:44.200,2021-12-20 18:49:58.200,Puttering_Around,Expert,PA TYPE,,
2021-12-20 18:49:58.200,2021-12-20 18:52:46.200,Walking,Expert,PA TYPE,,
2021-12-20 18:52:52.200,2021-12-20 18:53:40.200,Puttering_Around,Expert,PA TYPE,,
2021-12-20 18:53:40.200,2021-12-20 18:55:00.200,Walking,Expert,PA TYPE,,
2021-12-20 18:55:01.200,2021-12-20 18:56:54.187,Standing_With_Movement,Expert,PA TYPE,,
2021-12-20 18:56:58.187,2021-12-20 18:57:34.187,Walking,Expert,PA TYPE,,
2021-12-20 18:57:35.187,2021-12-20 18:59:03.187,Walking,Expert,PA TYPE,,
2021-12-20 18:59:04.187,2021-12-20 18:59:27.187,Standing_With_Movement,Expert,PA TYPE,,
2021-12-20 18:59:31.187,2021-12-20 19:00:24.187,Standing_With_Movement,Expert,PA TYPE,,
2021-12-20 19:00:24.187,2021-12-20 19:00:31.187,Puttering_Around,Expert,PA TYPE,,
2021-12-20 19:00:52.187,2021-12-20 19:01:27.187,Sitting_With_Movement,Expert,PA TYPE,,
2021-12-20 19:01:28.187,2021-12-20 19:06:56.187,Sitting_With_Movement,Expert,PA TYPE,,
2021-12-20 19:07:02.187,2021-12-20 19:07:20.187,Sitting_With_Movement,Expert,PA TYPE,,
2021-12-20 19:07:24.187,2021-12-20 19:10:12.175,Sitting_With_Movement,Expert,PA TYPE,,
2021-12-20 19:10:16.175,2021-12-20 19:10:36.175,Walking,Expert,PA TYPE,,
2021-12-20 19:10:36.175,2021-12-20 19:10:48.175,Walking_Down_Stairs,Expert,PA TYPE,,
2021-12-20 19:10:48.175,2021-12-20 19:13:11.175,Walking,Expert,PA TYPE,,
2021-12-20 19:13:14.175,2021-12-20 19:13:28.175,Walking,Expert,PA TYPE,,
2021-12-20 19:13:39.175,2021-12-20 19:13:58.175,Standing_With_Movement,Expert,PA TYPE,,
2021-12-20 19:14:01.175,2021-12-20 19:14:09.175,Standing_With_Movement,Expert,PA TYPE,,
2021-12-20 19:14:11.175,2021-12-20 19:14:26.175,Walking,Expert,PA TYPE,,
2021-12-20 19:14:29.175,2021-12-20 19:15:48.175,Puttering_Around,Expert,PA TYPE,,
2021-12-20 19:17:20.175,2021-12-20 19:17:47.175,Puttering_Around,Expert,PA TYPE,,
2021-12-20 19:17:49.175,2021-12-20 19:18:09.175,Standing_With_Movement,Expert,PA TYPE,,
2021-12-20 19:18:10.175,2021-12-20 19:18:29.175,Walking,Expert,PA TYPE,,
2021-12-20 19:18:29.175,2021-12-20 19:30:04.162,Walking,Expert,PA TYPE,,
2021-12-20 19:30:05.162,2021-12-20 19:30:32.150,Standing_With_Movement,Expert,PA TYPE,,
2021-12-20 19:30:34.150,2021-12-20 19:31:49.150,Standing_With_Movement,Expert,PA TYPE,,
2021-12-20 19:31:50.150,2021-12-20 19:34:33.150,Walking,Expert,PA TYPE,,
2021-12-20 19:34:35.150,2021-12-20 19:34:45.150,Walking,Expert,PA TYPE,,
2021-12-20 19:34:46.150,2021-12-20 19:39:42.150,Puttering_Around,Expert,PA TYPE,,
2021-12-20 19:39:42.150,2021-12-20 19:39:50.150,Puttering_Around,Expert,PA TYPE,,
2021-12-20 19:39:52.150,2021-12-20 19:40:21.150,Puttering_Around,Expert,PA TYPE,,
2021-12-20 19:40:22.150,2021-12-20 19:40:44.150,Puttering_Around,Expert,PA TYPE,,
2021-12-20 19:40:52.150,2021-12-20 20:13:44.112,Sitting_With_Movement,Expert,PA TYPE,,
2021-12-20 20:14:24.112,2021-12-20 20:14:43.112,Standing_With_Movement,Expert,PA TYPE,,
2021-12-20 20:14:46.112,2021-12-20 20:15:02.112,Standing_With_Movement,Expert,PA TYPE,,
2021-12-20 20:15:03.112,2021-12-20 20:15:16.112,Walking,Expert,PA TYPE,,
2021-12-20 20:15:16.112,2021-12-20 20:23:55.100,Walking,Expert,PA TYPE,,
2021-12-20 20:23:59.100,2021-12-20 20:24:09.100,Walking,Expert,PA TYPE,,
2021-12-20 20:24:16.100,2021-12-20 20:24:38.100,Puttering_Around,Expert,PA TYPE,,
2021-12-20 20:24:39.100,2021-12-20 20:25:13.100,Puttering_Around,Expert,PA TYPE,,
2021-12-20 20:25:15.100,2021-12-20 20:26:56.100,Puttering_Around,Expert,PA TYPE,,
2021-12-20 20:26:57.100,2021-12-20 20:28:27.087,Puttering_Around,Expert,PA TYPE,,
2021-12-20 20:28:28.087,2021-12-20 20:28:52.087,Puttering_Around,Expert,PA TYPE,,
2021-12-20 20:28:54.087,2021-12-20 20:31:02.087,Puttering_Around,Expert,PA TYPE,,
2021-12-20 20:31:07.087,2021-12-20 20:31:14.087,Sitting_With_Movement,Expert,PA TYPE,,
2021-12-20 20:31:17.087,2021-12-20 20:31:31.087,Sitting_With_Movement,Expert,PA TYPE,,
2021-12-20 20:31:33.087,2021-12-20 20:32:05.087,Sitting_With_Movement,Expert,PA TYPE,,
2021-12-20 20:32:08.087,2021-12-20 20:33:30.087,Sitting_With_Movement,Expert,PA TYPE,,
2021-12-20 20:33:35.087,2021-12-20 20:34:08.087,Standing_With_Movement,Expert,PA TYPE,,
2021-12-20 20:34:19.087,2021-12-20 20:35:10.087,Sitting_With_Movement,Expert,PA TYPE,,
2021-12-20 20:35:12.087,2021-12-20 20:36:08.087,Standing_With_Movement,Expert,PA TYPE,,
2021-12-20 20:36:18.087,2021-12-20 20:36:35.087,Sitting_With_Movement,Expert,PA TYPE,,
2021-12-20 20:36:40.087,2021-12-20 20:37:44.087,Standing_With_Movement,Expert,PA TYPE,,
2021-12-20 20:37:48.087,2021-12-20 20:37:53.087,Sitting_With_Movement,Expert,PA TYPE,,
2021-12-20 20:37:57.087,2021-12-20 20:40:12.075,Standing_With_Movement,Expert,PA TYPE,,
2021-12-20 20:40:20.075,2021-12-20 20:56:19.062,Sitting_With_Movement,Expert,PA TYPE,,
2021-12-20 20:56:22.062,2021-12-20 20:58:24.062,Sitting_With_Movement,Expert,PA TYPE,,
2021-12-20 20:58:27.062,2021-12-20 21:08:25.050,Sitting_With_Movement,Expert,PA TYPE,,
2021-12-20 21:08:29.050,2021-12-20 21:10:46.050,Sitting_With_Movement,Expert,PA TYPE,,
2021-12-20 21:11:15.050,2021-12-20 21:13:10.050,Puttering_Around,Expert,PA TYPE,,
2021-12-20 21:13:14.050,2021-12-20 21:15:51.037,Sitting_With_Movement,Expert,PA TYPE,,
2021-12-20 21:16:04.037,2021-12-20 21:17:17.037,Puttering_Around,Expert,PA TYPE,,
2021-12-20 21:18:48.037,2021-12-20 21:18:54.037,Puttering_Around,Expert,PA TYPE,,
2021-12-20 21:18:57.037,2021-12-20 21:19:14.037,Puttering_Around,Expert,PA TYPE,,
2021-12-20 21:19:14.037,2021-12-20 21:19:35.037,Puttering_Around,Expert,PA TYPE,,
2021-12-20 21:19:36.037,2021-12-20 21:19:54.037,Walking,Expert,PA TYPE,,
2021-12-20 21:19:54.037,2021-12-20 21:21:22.037,Walking,Expert,PA TYPE,,
2021-12-20 21:21:23.037,2021-12-20 21:23:03.037,Standing_With_Movement,Expert,PA TYPE,,
2021-12-20 21:23:18.037,2021-12-20 21:28:43.025,Sitting_With_Movement,Expert,PA TYPE,,
2021-12-20 21:28:46.025,2021-12-20 21:29:00.025,Walking,Expert,PA TYPE,,
2021-12-20 21:29:04.025,2021-12-20 21:29:18.025,Walking,Expert,PA TYPE,,
2021-12-20 21:29:29.025,2021-12-20 21:30:42.025,Standing_With_Movement,Expert,PA TYPE,,
2021-12-20 21:30:43.025,2021-12-20 21:31:29.025,Puttering_Around,Expert,PA TYPE,,
2021-12-20 21:31:30.025,2021-12-20 21:32:51.025,Puttering_Around,Expert,PA TYPE,,
2021-12-20 21:35:31.025,2021-12-20 21:37:08.012,Puttering_Around,Expert,PA TYPE,,
2021-12-20 21:38:10.012,2021-12-20 21:39:30.012,Sitting_With_Movement,Expert,PA TYPE,,
2021-12-20 21:39:35.012,2021-12-20 21:40:10.012,Sitting_With_Movement,Expert,PA TYPE,,
2021-12-20 21:40:16.012,2021-12-20 21:47:53.000,Sitting_With_Movement,Expert,PA TYPE,,
2021-12-20 21:47:58.000,2021-12-20 21:51:45.000,Sitting_With_Movement,Expert,PA TYPE,,
2021-12-20 21:52:06.000,2021-12-20 21:55:17.000,Sitting_With_Movement,Expert,PA TYPE,,
2021-12-20 21:55:24.000,2021-12-20 21:56:14.000,Sitting_With_Movement,Expert,PA TYPE,,
2021-12-20 21:56:44.000,2021-12-20 21:56:49.000,Sitting_With_Movement,Expert,PA TYPE,,
2021-12-20 21:56:52.000,2021-12-20 21:57:25.000,Puttering_Around,Expert,PA TYPE,,
2021-12-20 21:57:28.000,2021-12-20 21:58:44.000,Puttering_Around,Expert,PA TYPE,,
2021-12-20 21:58:45.000,2021-12-20 21:58:54.000,Washing_Hands,Expert,PA TYPE,,
2021-12-20 21:58:58.000,2021-12-20 21:59:18.987,Puttering_Around,Expert,PA TYPE,,
2021-12-20 21:59:26.987,2021-12-21 01:04:52.787,Sitting_With_Movement,Expert,PA TYPE,,
2021-12-21 01:05:01.787,2021-12-21 01:06:50.787,Puttering_Around,Expert,PA TYPE,,
2021-12-21 01:06:51.787,2021-12-21 01:07:24.787,Puttering_Around,Expert,PA TYPE,,
2021-12-21 01:07:32.787,2021-12-21 01:08:34.787,Standing_With_Movement,Expert,PA TYPE,,
2021-12-21 01:08:38.787,2021-12-21 01:10:44.787,Standing_With_Movement,Expert,PA TYPE,,
2021-12-21 01:10:50.787,2021-12-21 01:11:30.787,Sitting_With_Movement,Expert,PA TYPE,,
2021-12-21 01:11:46.787,2021-12-21 01:11:59.787,Standing_With_Movement,Expert,PA TYPE,,
2021-12-21 01:12:37.787,2021-12-21 01:12:44.787,Standing_With_Movement,Expert,PA TYPE,,
2021-12-21 01:13:04.787,2021-12-21 01:14:40.775,Standing_With_Movement,Expert,PA TYPE,,
2021-12-21 01:14:42.775,2021-12-21 01:15:25.775,Puttering_Around,Expert,PA TYPE,,
2021-12-21 01:15:26.775,2021-12-21 01:19:12.775,Standing_With_Movement,Expert,PA TYPE,,
2021-12-21 01:21:31.775,2021-12-21 01:25:39.762,Standing_With_Movement,Expert,PA TYPE,,
2021-12-21 01:25:52.762,2021-12-21 01:29:57.762,Standing_With_Movement,Expert,PA TYPE,,
2021-12-21 01:32:42.762,2021-12-21 01:32:57.762,Synchronizing_Sensors,Expert,PA TYPE,,
2021-12-21 10:47:39.575,2021-12-21 10:47:58.575,Synchronizing_Sensors,Expert,PA TYPE,,
2021-12-21 10:49:37.575,2021-12-21 10:49:56.562,Standing_With_Movement,Expert,PA TYPE,,
2021-12-21 10:49:57.562,2021-12-21 10:50:17.562,Washing_Hands,Expert,PA TYPE,,
2021-12-21 10:50:28.562,2021-12-21 10:51:59.562,Puttering_Around,Expert,PA TYPE,,
2021-12-21 11:43:20.450,2021-12-21 11:44:03.450,Standing_With_Movement,Expert,PA TYPE,,
2021-12-21 11:44:03.450,2021-12-21 11:44:13.450,Puttering_Around,Expert,PA TYPE,,
2021-12-21 11:44:15.450,2021-12-21 11:45:08.450,Puttering_Around,Expert,PA TYPE,,
2021-12-21 11:45:11.450,2021-12-21 11:45:54.450,Puttering_Around,Expert,PA TYPE,,
2021-12-21 11:45:57.450,2021-12-21 11:46:07.450,Puttering_Around,Expert,PA TYPE,,
2021-12-21 11:46:20.450,2021-12-21 11:47:33.450,Puttering_Around,Expert,PA TYPE,,
2021-12-21 11:47:35.450,2021-12-21 11:48:06.450,Puttering_Around,Expert,PA TYPE,,
2021-12-21 11:48:07.450,2021-12-21 11:50:20.437,Puttering_Around,Expert,PA TYPE,,
2021-12-21 11:50:28.437,2021-12-21 11:50:52.437,Puttering_Around,Expert,PA TYPE,,
2021-12-21 11:51:02.437,2021-12-21 11:52:23.437,Puttering_Around,Expert,PA TYPE,,
2021-12-21 11:52:24.437,2021-12-21 11:54:05.437,Puttering_Around,Expert,PA TYPE,,
2021-12-21 11:55:58.425,2021-12-21 11:56:14.425,Walking,Expert,PA TYPE,,
2021-12-21 11:56:17.425,2021-12-21 11:57:51.425,Walking,Expert,PA TYPE,,
2021-12-21 11:57:51.425,2021-12-21 12:15:53.387,Standing_With_Movement,Expert,PA TYPE,,
2021-12-21 12:15:59.387,2021-12-21 12:16:05.387,Puttering_Around,Expert,PA TYPE,,
2021-12-21 12:16:27.387,2021-12-21 12:17:00.387,Sitting_With_Movement,Expert,PA TYPE,,
2021-12-21 12:17:02.387,2021-12-21 12:29:42.362,Sitting_With_Movement,Expert,PA TYPE,,
2021-12-21 12:29:45.362,2021-12-21 12:30:09.362,Walking,Expert,PA TYPE,,
2021-12-21 12:30:10.362,2021-12-21 12:32:07.350,Standing_With_Movement,Expert,PA TYPE,,
2021-12-21 12:32:08.350,2021-12-21 12:33:11.350,Puttering_Around,Expert,PA TYPE,,
2021-12-21 12:33:11.350,2021-12-21 12:33:27.350,Walking_Down_Stairs,Expert,PA TYPE,,
2021-12-21 12:33:27.350,2021-12-21 12:36:04.350,Walking,Expert,PA TYPE,,
2021-12-21 12:36:07.350,2021-12-21 12:36:14.350,Walking,Expert,PA TYPE,,
2021-12-21 12:36:15.350,2021-12-21 12:36:23.350,Walking,Expert,PA TYPE,,
2021-12-21 12:36:27.350,2021-12-21 12:36:49.350,Standing_With_Movement,Expert,PA TYPE,,
2021-12-21 12:36:49.350,2021-12-21 12:36:57.337,Walking,Expert,PA TYPE,,
2021-12-21 12:37:00.337,2021-12-21 12:37:09.337,Walking,Expert,PA TYPE,,
2021-12-21 12:37:12.337,2021-12-21 12:38:00.337,Puttering_Around,Expert,PA TYPE,,
2021-12-21 12:58:45.300,2021-12-21 13:00:08.300,Sitting_With_Movement,Expert,PA TYPE,,
2021-12-21 13:00:36.300,2021-12-21 13:02:35.287,Sitting_With_Movement,Expert,PA TYPE,,
2021-12-21 13:04:07.287,2021-12-21 13:05:39.287,Puttering_Around,Expert,PA TYPE,,
2021-12-21 13:05:49.287,2021-12-21 13:06:59.275,Puttering_Around,Expert,PA TYPE,,
2021-12-21 13:06:59.275,2021-12-21 13:07:49.275,Walking_Down_Stairs,Expert,PA TYPE,,
2021-12-21 13:07:57.275,2021-12-21 13:08:07.275,Walking,Expert,PA TYPE,,
2021-12-22 09:26:01.087,2021-12-22 09:26:16.087,Synchronizing_Sensors,Expert,PA TYPE,,
2021-12-22 09:26:18.087,2021-12-22 09:26:55.087,Puttering_Around,Expert,PA TYPE,,
2021-12-22 09:27:08.087,2021-12-22 09:28:59.075,PA_Type_VideoUnavailable/Indecipherable,Expert,PA TYPE,,
2021-12-22 09:29:09.075,2021-12-22 09:29:20.075,Walking,Expert,PA TYPE,,
2021-12-22 09:29:25.075,2021-12-22 09:30:26.075,Walking,Expert,PA TYPE,,
2021-12-22 09:30:27.075,2021-12-22 09:33:08.075,Standing_With_Movement,Expert,PA TYPE,,
2021-12-22 09:33:13.075,2021-12-22 09:38:06.062,Walking,Expert,PA TYPE,,
2021-12-22 09:38:12.062,2021-12-22 09:38:29.062,Standing_With_Movement,Expert,PA TYPE,,
2021-12-22 09:38:35.062,2021-12-22 09:39:07.062,Walking,Expert,PA TYPE,,
2021-12-22 09:39:12.062,2021-12-22 09:44:34.050,Standing_With_Movement,Expert,PA TYPE,,
2021-12-22 09:44:35.050,2021-12-22 09:44:54.050,Puttering_Around,Expert,PA TYPE,,
2021-12-22 09:44:57.050,2021-12-22 09:45:07.050,Puttering_Around,Expert,PA TYPE,,
2021-12-22 09:45:20.050,2021-12-22 09:49:41.050,Sitting_With_Movement,Expert,PA TYPE,,
2021-12-22 09:49:50.050,2021-12-22 09:49:57.037,Walking,Expert,PA TYPE,,
2021-12-22 09:49:58.037,2021-12-22 09:52:18.037,Walking,Expert,PA TYPE,,
2021-12-22 09:52:18.037,2021-12-22 09:52:56.037,Standing_With_Movement,Expert,PA TYPE,,
2021-12-22 09:53:01.037,2021-12-22 09:54:21.037,Walking,Expert,PA TYPE,,
2021-12-22 09:54:23.037,2021-12-22 09:54:41.037,Walking,Expert,PA TYPE,,
2021-12-22 09:54:44.037,2021-12-22 09:56:09.037,Puttering_Around,Expert,PA TYPE,,
2021-12-22 09:56:20.037,2021-12-22 10:00:06.025,Sitting_With_Movement,Expert,PA TYPE,,
2021-12-22 10:00:27.025,2021-12-22 10:45:52.950,PA_Type_VideoUnavailable/Indecipherable,Expert,PA TYPE,,
2021-12-22 10:45:57.950,2021-12-22 10:46:51.950,Walking,Expert,PA TYPE,,
2021-12-22 10:46:56.950,2021-12-22 10:47:45.937,Puttering_Around,Expert,PA TYPE,,
2021-12-22 10:47:46.937,2021-12-22 10:49:58.937,Puttering_Around,Expert,PA TYPE,,
2021-12-22 10:50:24.937,2021-12-22 10:51:36.937,Walking,Expert,PA TYPE,,
2021-12-22 10:51:37.937,2021-12-22 10:52:16.937,Walking,Expert,PA TYPE,,
2021-12-22 10:52:18.937,2021-12-22 10:52:59.937,Standing_With_Movement,Expert,PA TYPE,,
2021-12-22 10:53:02.937,2021-12-22 10:54:11.937,Walking,Expert,PA TYPE,,
2021-12-22 10:54:13.937,2021-12-22 10:54:56.925,Puttering_Around,Expert,PA TYPE,,
2021-12-22 10:55:07.925,2021-12-22 10:56:49.925,Standing_With_Movement,Expert,PA TYPE,,
2021-12-22 10:56:59.925,2021-12-22 10:57:14.925,Puttering_Around,Expert,PA TYPE,,
2021-12-22 10:57:30.925,2021-12-22 11:01:23.925,Sitting_With_Movement,Expert,PA TYPE,,
2021-12-22 11:01:34.912,2021-12-22 11:08:04.912,Walking,Expert,PA TYPE,,
2021-12-22 11:08:08.912,2021-12-22 11:08:21.912,Standing_With_Movement,Expert,PA TYPE,,
2021-12-22 11:08:25.912,2021-12-22 11:10:58.900,Walking,Expert,PA TYPE,,
2021-12-22 11:11:04.900,2021-12-22 11:11:33.900,Walking,Expert,PA TYPE,,
2021-12-22 11:11:35.900,2021-12-22 11:12:15.900,Standing_With_Movement,Expert,PA TYPE,,
2021-12-22 11:12:17.900,2021-12-22 11:13:12.900,Walking,Expert,PA TYPE,,
2021-12-22 11:13:16.900,2021-12-22 11:13:22.900,Standing_With_Movement,Expert,PA TYPE,,
2021-12-22 11:13:24.900,2021-12-22 11:13:37.900,Walking,Expert,PA TYPE,,
2021-12-22 11:13:52.900,2021-12-22 11:16:28.887,Puttering_Around,Expert,PA TYPE,,
2021-12-22 11:17:26.887,2021-12-22 11:18:15.887,Standing_With_Movement,Expert,PA TYPE,,
2021-12-22 11:20:49.887,2021-12-22 11:21:47.887,Puttering_Around,Expert,PA TYPE,,
2021-12-22 11:21:53.887,2021-12-22 11:22:09.887,Washing_Hands,Expert,PA TYPE,,
2021-12-22 11:22:17.887,2021-12-22 11:24:14.875,Puttering_Around,Expert,PA TYPE,,
2021-12-22 11:24:26.875,2021-12-22 11:26:28.875,Sitting_With_Movement,Expert,PA TYPE,,
2021-12-22 11:26:45.875,2021-12-22 11:29:53.875,Sitting_With_Movement,Expert,PA TYPE,,
2021-12-22 11:30:01.875,2021-12-22 11:30:42.862,Puttering_Around,Expert,PA TYPE,,
2021-12-22 11:30:56.862,2021-12-22 11:44:25.850,Sitting_With_Movement,Expert,PA TYPE,,
2021-12-22 11:44:44.837,2021-12-22 11:44:53.837,Washing_Hands,Expert,PA TYPE,,
2021-12-22 11:46:32.837,2021-12-22 12:55:25.725,PA_Type_VideoUnavailable/Indecipherable,Expert,PA TYPE,,
2021-12-22 12:55:32.725,2021-12-22 12:56:02.725,Puttering_Around,Expert,PA TYPE,,
2021-12-22 12:56:04.712,2021-12-22 12:57:38.712,Standing_With_Movement,Expert,PA TYPE,,
2021-12-22 12:57:55.712,2021-12-22 13:00:15.712,Standing_With_Movement,Expert,PA TYPE,,
2021-12-22 13:00:21.712,2021-12-22 13:02:47.712,Standing_With_Movement,Expert,PA TYPE,,
2021-12-22 13:03:06.712,2021-12-22 13:03:40.700,Standing_With_Movement,Expert,PA TYPE,,
2021-12-22 13:03:46.700,2021-12-22 13:03:55.700,Washing_Hands,Expert,PA TYPE,,
2021-12-22 13:04:01.700,2021-12-22 13:04:34.700,Puttering_Around,Expert,PA TYPE,,
2021-12-22 13:04:37.700,2021-12-22 13:09:32.700,Puttering_Around,Expert,PA TYPE,,
2021-12-22 13:10:23.687,2021-12-22 13:11:39.687,Sitting_With_Movement,Expert,PA TYPE,,
2021-12-22 13:11:52.687,2021-12-22 13:13:24.687,Puttering_Around,Expert,PA TYPE,,
2021-12-22 13:13:42.687,2021-12-22 14:09:13.587,Sitting_With_Movement,Expert,PA TYPE,,
2021-12-22 14:09:15.587,2021-12-22 14:21:13.575,Sitting_With_Movement,Expert,PA TYPE,,
2021-12-22 14:21:16.575,2021-12-22 14:24:44.562,Sitting_With_Movement,Expert,PA TYPE,,
2021-12-22 14:24:56.562,2021-12-22 14:33:14.550,Sitting_With_Movement,Expert,PA TYPE,,
2021-12-22 14:33:46.550,2021-12-22 14:45:40.525,Sitting_With_Movement,Expert,PA TYPE,,
2021-12-22 14:45:57.525,2021-12-22 14:48:46.525,Sitting_With_Movement,Expert,PA TYPE,,
2021-12-22 14:48:49.525,2021-12-22 14:52:59.512,Sitting_With_Movement,Expert,PA TYPE,,
2021-12-22 14:53:02.512,2021-12-22 14:59:45.500,Sitting_With_Movement,Expert,PA TYPE,,
2021-12-22 14:59:54.500,2021-12-22 15:00:10.500,Sitting_With_Movement,Expert,PA TYPE,,
2021-12-22 15:00:24.500,2021-12-22 15:00:31.500,Puttering_Around,Expert,PA TYPE,,
2021-12-22 15:00:32.500,2021-12-22 15:01:29.500,Puttering_Around,Expert,PA TYPE,,
2021-12-22 15:01:31.500,2021-12-22 15:02:03.500,Puttering_Around,Expert,PA TYPE,,
2021-12-22 15:02:15.500,2021-12-22 15:02:45.500,Puttering_Around,Expert,PA TYPE,,
2021-12-22 15:02:45.500,2021-12-22 15:03:28.500,Loading/Unloading_Washing_Machine/Dryer,Expert,PA TYPE,,
2021-12-22 15:03:29.500,2021-12-22 15:03:54.500,Standing_With_Movement,Expert,PA TYPE,,
2021-12-22 15:03:58.500,2021-12-22 15:04:08.500,Walking_Up_Stairs,Expert,PA TYPE,,
2021-12-22 15:04:10.500,2021-12-22 15:04:48.500,Puttering_Around,Expert,PA TYPE,,
2021-12-22 15:04:51.500,2021-12-22 15:05:04.487,Standing_With_Movement,Expert,PA TYPE,,
2021-12-22 15:05:19.487,2021-12-22 15:19:00.475,Sitting_With_Movement,Expert,PA TYPE,,
2021-12-22 15:19:05.475,2021-12-22 15:19:24.462,Puttering_Around,Expert,PA TYPE,,
2021-12-22 15:19:41.462,2021-12-22 15:21:08.462,Sitting_With_Movement,Expert,PA TYPE,,
2021-12-22 15:21:09.462,2021-12-22 15:27:04.450,Sitting_With_Movement,Expert,PA TYPE,,
2021-12-22 15:27:17.450,2021-12-22 15:31:09.450,Sitting_With_Movement,Expert,PA TYPE,,
2021-12-22 15:31:16.450,2021-12-22 15:31:59.450,Sitting_With_Movement,Expert,PA TYPE,,
2021-12-22 15:32:02.450,2021-12-22 15:44:25.425,Sitting_With_Movement,Expert,PA TYPE,,
2021-12-22 15:44:35.425,2021-12-22 15:47:14.425,Sitting_With_Movement,Expert,PA TYPE,,
2021-12-22 15:47:22.425,2021-12-22 15:47:35.425,Puttering_Around,Expert,PA TYPE,,
2021-12-22 15:47:38.425,2021-12-22 15:49:13.412,Puttering_Around,Expert,PA TYPE,,
2021-12-22 15:49:58.412,2021-12-22 15:50:05.412,Washing_Hands,Expert,PA TYPE,,
2021-12-22 15:50:23.412,2021-12-22 15:50:45.412,Puttering_Around,Expert,PA TYPE,,
2021-12-22 15:50:54.412,2021-12-22 15:51:10.412,Standing_With_Movement,Expert,PA TYPE,,
2021-12-22 15:51:19.412,2021-12-22 15:51:31.412,Puttering_Around,Expert,PA TYPE,,
2021-12-22 15:51:31.412,2021-12-22 15:51:49.412,Walking_Down_Stairs,Expert,PA TYPE,,
2021-12-22 15:51:53.412,2021-12-22 15:54:00.412,Loading/Unloading_Washing_Machine/Dryer,Expert,PA TYPE,,
2021-12-22 15:54:06.412,2021-12-22 15:54:19.412,Walking_Up_Stairs,Expert,PA TYPE,,
2021-12-22 15:54:21.412,2021-12-22 15:54:40.412,Puttering_Around,Expert,PA TYPE,,
2021-12-22 15:54:43.412,2021-12-22 16:00:56.400,Standing_With_Movement,Expert,PA TYPE,,
2021-12-22 16:01:10.400,2021-12-22 16:04:42.387,Sitting_With_Movement,Expert,PA TYPE,,
2021-12-22 16:06:50.387,2021-12-22 16:11:28.375,Sitting_With_Movement,Expert,PA TYPE,,
2021-12-22 16:12:07.375,2021-12-22 16:28:26.350,PA_Type_VideoUnavailable/Indecipherable,Expert,PA TYPE,,
2021-12-22 16:28:32.350,2021-12-22 16:29:58.350,Standing_With_Movement,Expert,PA TYPE,,
2021-12-22 16:30:08.350,2021-12-22 16:30:32.350,Puttering_Around,Expert,PA TYPE,,
2021-12-22 16:30:46.350,2021-12-22 16:32:33.337,Puttering_Around,Expert,PA TYPE,,
2021-12-22 16:32:34.337,2021-12-22 16:33:33.337,Puttering_Around,Expert,PA TYPE,,
2021-12-22 16:33:38.337,2021-12-22 16:34:35.337,Puttering_Around,Expert,PA TYPE,,
2021-12-22 16:34:44.337,2021-12-22 16:35:43.337,Standing_With_Movement,Expert,PA TYPE,,
2021-12-22 16:35:49.337,2021-12-22 16:36:13.337,Standing_With_Movement,Expert,PA TYPE,,
2021-12-22 16:36:14.337,2021-12-22 16:36:29.337,Puttering_Around,Expert,PA TYPE,,
2021-12-22 16:36:30.337,2021-12-22 16:36:45.337,Walking,Expert,PA TYPE,,
2021-12-22 16:36:47.337,2021-12-22 16:38:27.325,Walking,Expert,PA TYPE,,
2021-12-22 16:38:30.325,2021-12-22 16:40:51.325,Walking,Expert,PA TYPE,,
2021-12-22 16:40:54.325,2021-12-22 16:41:30.325,Standing_With_Movement,Expert,PA TYPE,,
2021-12-22 16:41:32.325,2021-12-22 16:44:11.325,Walking,Expert,PA TYPE,,
2021-12-22 16:44:13.325,2021-12-22 16:44:19.325,Walking_Slow,Expert,PA TYPE,,
2021-12-22 16:44:21.325,2021-12-22 16:44:48.325,Standing_With_Movement,Expert,PA TYPE,,
2021-12-22 16:44:48.325,2021-12-22 16:48:53.312,Puttering_Around,Expert,PA TYPE,,
2021-12-22 16:48:58.312,2021-12-22 16:51:08.312,Puttering_Around,Expert,PA TYPE,,
2021-12-22 16:51:09.312,2021-12-22 16:51:35.312,Standing_With_Movement,Expert,PA TYPE,,
2021-12-22 16:51:36.312,2021-12-22 16:51:47.312,Walking,Expert,PA TYPE,,
2021-12-22 16:51:49.312,2021-12-22 16:53:12.300,Walking,Expert,PA TYPE,,
2021-12-22 16:53:19.300,2021-12-22 16:54:10.300,Standing_With_Movement,Expert,PA TYPE,,
2021-12-22 16:54:14.300,2021-12-22 17:00:15.287,Walking,Expert,PA TYPE,,
2021-12-22 17:00:17.287,2021-12-22 17:00:52.287,Puttering_Around,Expert,PA TYPE,,
2021-12-22 17:00:54.287,2021-12-22 17:03:39.287,Puttering_Around,Expert,PA TYPE,,
2021-12-22 17:03:51.287,2021-12-22 17:04:40.287,Puttering_Around,Expert,PA TYPE,,
2021-12-22 17:04:47.287,2021-12-22 17:04:57.287,Standing_With_Movement,Expert,PA TYPE,,
2021-12-22 17:04:57.287,2021-12-22 17:05:19.287,Standing_With_Movement,Expert,PA TYPE,,
2021-12-22 17:05:26.287,2021-12-22 17:06:19.287,Standing_With_Movement,Expert,PA TYPE,,
2021-12-22 17:06:42.275,2021-12-22 17:12:39.275,Sitting_With_Movement,Expert,PA TYPE,,
2021-12-22 17:12:41.275,2021-12-22 17:43:29.212,Sitting_With_Movement,Expert,PA TYPE,,
2021-12-22 17:43:39.212,2021-12-22 17:43:49.212,Puttering_Around,Expert,PA TYPE,,
2021-12-22 17:43:50.212,2021-12-22 17:44:29.212,Puttering_Around,Expert,PA TYPE,,
2021-12-22 17:44:30.212,2021-12-22 17:44:46.212,Walking_Down_Stairs,Expert,PA TYPE,,
2021-12-22 17:44:49.212,2021-12-22 17:45:44.212,Loading/Unloading_Washing_Machine/Dryer,Expert,PA TYPE,,
2021-12-22 17:45:47.212,2021-12-22 17:46:21.212,PA_Type_VideoUnavailable/Indecipherable,Expert,PA TYPE,,
2021-12-22 17:46:23.212,2021-12-22 17:49:18.212,Putting_Clothes_Away,Expert,PA TYPE,,
2021-12-22 17:49:22.212,2021-12-22 17:50:12.200,Sitting_With_Movement,Expert,PA TYPE,,
2021-12-22 17:51:13.200,2021-12-22 18:00:23.187,Sitting_With_Movement,Expert,PA TYPE,,
2021-12-22 18:01:07.187,2021-12-22 18:17:32.162,PA_Type_VideoUnavailable/Indecipherable,Expert,PA TYPE,,
2021-12-22 18:19:12.150,2021-12-22 18:19:42.150,Puttering_Around,Expert,PA TYPE,,
2021-12-22 18:19:46.150,2021-12-22 18:20:52.150,Puttering_Around,Expert,PA TYPE,,
2021-12-22 18:21:01.150,2021-12-22 18:23:32.150,Puttering_Around,Expert,PA TYPE,,
2021-12-22 18:23:40.150,2021-12-22 18:24:59.150,Standing_With_Movement,Expert,PA TYPE,,
2021-12-22 18:25:07.150,2021-12-22 18:27:20.137,Puttering_Around,Expert,PA TYPE,,
2021-12-22 18:27:23.137,2021-12-22 18:27:46.137,Puttering_Around,Expert,PA TYPE,,
2021-12-22 18:28:02.137,2021-12-22 18:29:46.137,Standing_With_Movement,Expert,PA TYPE,,
2021-12-22 18:29:49.137,2021-12-22 18:30:27.137,Puttering_Around,Expert,PA TYPE,,
2021-12-22 18:31:10.137,2021-12-22 18:31:34.137,Puttering_Around,Expert,PA TYPE,,
2021-12-22 18:31:36.137,2021-12-22 18:33:18.125,Puttering_Around,Expert,PA TYPE,,
2021-12-22 18:33:21.125,2021-12-22 18:33:37.125,Walking,Expert,PA TYPE,,
2021-12-22 18:33:38.125,2021-12-22 18:33:55.125,Walking,Expert,PA TYPE,,
2021-12-22 18:34:09.125,2021-12-22 18:55:18.087,Sitting_With_Movement,Expert,PA TYPE,,
2021-12-22 18:55:19.087,2021-12-22 18:58:52.087,Sitting_With_Movement,Expert,PA TYPE,,
2021-12-22 18:58:55.087,2021-12-22 19:00:01.087,Sitting_With_Movement,Expert,PA TYPE,,
2021-12-22 19:00:11.087,2021-12-22 19:00:55.087,Puttering_Around,Expert,PA TYPE,,
2021-12-22 19:00:55.087,2021-12-22 19:01:05.087,Walking_Up_Stairs,Expert,PA TYPE,,
2021-12-22 19:01:15.075,2021-12-22 19:03:26.075,Standing_With_Movement,Expert,PA TYPE,,
2021-12-22 19:03:34.075,2021-12-22 19:03:56.075,Standing_With_Movement,Expert,PA TYPE,,
2021-12-22 19:04:00.075,2021-12-22 19:04:11.075,Walking_Up_Stairs,Expert,PA TYPE,,
2021-12-22 19:04:14.075,2021-12-22 19:09:48.062,Puttering_Around,Expert,PA TYPE,,
2021-12-22 19:09:53.062,2021-12-22 19:10:31.062,Sitting_With_Movement,Expert,PA TYPE,,
2021-12-22 19:10:39.062,2021-12-22 19:11:17.062,Puttering_Around,Expert,PA TYPE,,
2021-12-22 19:11:47.062,2021-12-22 19:34:50.025,Puttering_Around,Expert,PA TYPE,,
2021-12-22 19:34:55.025,2021-12-22 19:36:08.025,Sitting_With_Movement,Expert,PA TYPE,,
2021-12-22 19:36:12.025,2021-12-22 19:37:40.012,Sitting_With_Movement,Expert,PA TYPE,,
2021-12-22 19:37:45.012,2021-12-22 19:43:37.012,Sitting_With_Movement,Expert,PA TYPE,,
2021-12-22 19:43:42.012,2021-12-22 19:45:47.000,Sitting_With_Movement,Expert,PA TYPE,,
2021-12-22 19:45:59.000,2021-12-22 19:46:31.000,Sitting_With_Movement,Expert,PA TYPE,,
2021-12-22 19:46:37.000,2021-12-22 19:50:44.000,Standing_With_Movement,Expert,PA TYPE,,
2021-12-22 19:50:48.000,2021-12-22 19:52:46.987,Puttering_Around,Expert,PA TYPE,,
2021-12-22 19:52:46.987,2021-12-22 19:53:15.987,Washing_Hands,Expert,PA TYPE,,
2021-12-22 19:53:21.987,2021-12-22 19:54:13.987,Puttering_Around,Expert,PA TYPE,,
2021-12-22 19:54:25.987,2021-12-22 21:12:19.850,Sitting_With_Movement,Expert,PA TYPE,,
2021-12-22 21:14:24.850,2021-12-22 21:24:18.837,Puttering_Around,Expert,PA TYPE,,
2021-12-22 21:24:27.825,2021-12-22 21:27:17.825,Sitting_With_Movement,Expert,PA TYPE,,
2021-12-22 21:27:19.825,2021-12-22 21:28:13.825,Sitting_With_Movement,Expert,PA TYPE,,
2021-12-22 21:28:26.825,2021-12-22 21:29:47.825,Puttering_Around,Expert,PA TYPE,,
2021-12-22 21:29:57.825,2021-12-22 21:31:55.812,Sitting_With_Movement,Expert,PA TYPE,,
2021-12-22 21:32:01.812,2021-12-22 21:33:43.812,Puttering_Around,Expert,PA TYPE,,
2021-12-22 21:33:49.812,2021-12-22 21:41:29.800,Sitting_With_Movement,Expert,PA TYPE,,
2021-12-22 21:41:31.800,2021-12-22 21:43:12.800,Sitting_With_Movement,Expert,PA TYPE,,
2021-12-22 21:43:26.800,2021-12-22 22:04:43.762,Sitting_With_Movement,Expert,PA TYPE,,
2021-12-22 22:04:55.762,2021-12-22 22:05:56.762,Sitting_With_Movement,Expert,PA TYPE,,
2021-12-22 22:05:57.762,2021-12-22 22:06:22.762,Sitting_With_Movement,Expert,PA TYPE,,
2021-12-22 22:06:28.762,2021-12-22 22:07:36.750,Puttering_Around,Expert,PA TYPE,,
2021-12-22 22:07:37.750,2021-12-22 22:09:42.750,Puttering_Around,Expert,PA TYPE,,
2021-12-22 22:09:47.750,2021-12-22 22:20:21.737,Sitting_With_Movement,Expert,PA TYPE,,
2021-12-22 22:20:47.737,2021-12-22 22:21:08.737,PA_Type_VideoUnavailable/Indecipherable,Expert,PA TYPE,,
2021-12-22 22:21:12.737,2021-12-22 22:21:33.737,Standing_With_Movement,Expert,PA TYPE,,
2021-12-22 22:21:41.725,2021-12-22 22:33:37.712,Sitting_With_Movement,Expert,PA TYPE,,
2021-12-22 22:33:50.712,2021-12-22 23:01:06.662,Puttering_Around,Expert,PA TYPE,,
2021-12-22 23:01:19.662,2021-12-22 23:04:22.662,Sitting_With_Movement,Expert,PA TYPE,,
2021-12-22 23:04:32.662,2021-12-23 00:36:50.500,Sitting_With_Movement,Expert,PA TYPE,,
2021-12-23 00:38:01.487,2021-12-23 00:39:44.487,Standing_With_Movement,Expert,PA TYPE,,
2021-12-23 00:39:46.487,2021-12-23 00:40:38.487,Standing_With_Movement,Expert,PA TYPE,,
2021-12-23 00:40:39.487,2021-12-23 00:40:56.487,Puttering_Around,Expert,PA TYPE,,
2021-12-23 00:41:02.487,2021-12-23 00:43:32.487,Puttering_Around,Expert,PA TYPE,,
2021-12-23 00:43:33.487,2021-12-23 00:43:59.487,Walking_Down_Stairs,Expert,PA TYPE,,
2021-12-23 00:44:33.487,2021-12-23 00:59:26.450,Sitting_With_Movement,Expert,PA TYPE,,
2021-12-23 00:59:38.450,2021-12-23 00:59:52.450,Walking,Expert,PA TYPE,,
2021-12-23 00:59:54.450,2021-12-23 01:00:02.450,Puttering_Around,Expert,PA TYPE,,
2021-12-23 01:00:03.450,2021-12-23 01:00:37.450,Puttering_Around,Expert,PA TYPE,,
2021-12-23 01:00:40.450,2021-12-23 01:02:03.450,Puttering_Around,Expert,PA TYPE,,
2021-12-23 01:02:06.450,2021-12-23 01:04:09.450,Puttering_Around,Expert,PA TYPE,,
2021-12-23 01:04:27.450,2021-12-23 01:05:24.450,Standing_With_Movement,Expert,PA TYPE,,
2021-12-23 01:08:29.437,2021-12-23 01:08:37.437,Standing_With_Movement,Expert,PA TYPE,,
2021-12-23 01:08:38.437,2021-12-23 01:11:22.437,Brushing_Teeth,Expert,PA TYPE,,
2021-12-23 01:11:43.437,2021-12-23 01:12:19.437,Standing_With_Movement,Expert,PA TYPE,,
2021-12-23 01:12:26.437,2021-12-23 01:12:33.437,Washing_Hands,Expert,PA TYPE,,
2021-12-23 01:12:43.437,2021-12-23 01:12:59.437,Puttering_Around,Expert,PA TYPE,,
2021-12-23 01:12:59.437,2021-12-23 01:14:29.425,Puttering_Around,Expert,PA TYPE,,
2021-12-23 01:14:30.425,2021-12-23 01:14:39.425,Puttering_Around,Expert,PA TYPE,,
2021-12-23 01:14:43.425,2021-12-23 01:15:33.425,Puttering_Around,Expert,PA TYPE,,
2021-12-23 01:19:52.425,2021-12-23 01:21:57.412,Puttering_Around,Expert,PA TYPE,,
2021-12-23 01:22:09.412,2021-12-23 01:27:41.412,Lying_With_Movement,Expert,PA TYPE,,
2021-12-23 01:27:43.412,2021-12-23 01:28:20.400,Sitting_With_Movement,Expert,PA TYPE,,
2021-12-23 01:30:47.400,2021-12-23 01:40:01.387,Sitting_With_Movement,Expert,PA TYPE,,
2021-12-23 01:40:24.387,2021-12-23 01:51:19.362,Sitting_With_Movement,Expert,PA TYPE,,
2021-12-23 01:51:32.362,2021-12-23 01:52:00.362,Synchronizing_Sensors,Expert,PA TYPE,,
2021-12-23 11:04:24.625,2021-12-23 11:04:43.625,Synchronizing_Sensors,Expert,PA TYPE,,
2021-12-23 11:07:04.625,2021-12-23 11:07:13.625,Standing_With_Movement,Expert,PA TYPE,,
2021-12-23 11:07:15.625,2021-12-23 11:07:32.625,Synchronizing_Sensors,Expert,PA TYPE,,
2021-12-23 11:07:39.625,2021-12-23 11:07:55.625,Standing_With_Movement,Expert,PA TYPE,,
2021-12-23 11:07:58.625,2021-12-23 11:08:27.625,Standing_With_Movement,Expert,PA TYPE,,
2021-12-23 11:08:33.625,2021-12-23 11:09:02.625,Sitting_With_Movement,Expert,PA TYPE,,
2021-12-23 11:09:11.625,2021-12-23 11:10:50.625,Sitting_With_Movement,Expert,PA TYPE,,
2021-12-23 11:10:57.625,2021-12-23 11:11:45.625,Puttering_Around,Expert,PA TYPE,,
2021-12-23 11:11:53.625,2021-12-23 11:12:00.625,Washing_Hands,Expert,PA TYPE,,
2021-12-23 11:12:04.625,2021-12-23 11:12:33.625,Puttering_Around,Expert,PA TYPE,,
2021-12-23 11:12:34.625,2021-12-23 11:12:50.625,Standing_With_Movement,Expert,PA TYPE,,
2021-12-23 11:12:57.625,2021-12-23 11:15:56.625,Sitting_With_Movement,Expert,PA TYPE,,
2021-12-23 11:16:08.625,2021-12-23 11:21:07.625,PA_Type_VideoUnavailable/Indecipherable,Expert,PA TYPE,,
2021-12-23 11:21:14.625,2021-12-23 11:22:07.625,Puttering_Around,Expert,PA TYPE,,
2021-12-23 11:22:12.625,2021-12-23 11:23:19.625,Puttering_Around,Expert,PA TYPE,,
2021-12-23 11:23:37.625,2021-12-23 11:25:20.625,Puttering_Around,Expert,PA TYPE,,
2021-12-23 11:25:36.625,2021-12-23 11:28:06.637,Standing_With_Movement,Expert,PA TYPE,,
2021-12-23 11:28:09.637,2021-12-23 11:34:02.637,Standing_With_Movement,Expert,PA TYPE,,
2021-12-23 11:34:07.637,2021-12-23 11:35:01.637,Puttering_Around,Expert,PA TYPE,,
2021-12-23 11:35:05.637,2021-12-23 11:43:50.637,Puttering_Around,Expert,PA TYPE,,
2021-12-23 11:43:53.637,2021-12-23 11:45:14.637,Puttering_Around,Expert,PA TYPE,,
2021-12-23 11:45:19.637,2021-12-23 11:48:25.637,Standing_With_Movement,Expert,PA TYPE,,
2021-12-23 11:48:37.637,2021-12-23 11:49:09.637,Puttering_Around,Expert,PA TYPE,,
2021-12-23 11:50:05.637,2021-12-23 11:54:46.637,Sitting_With_Movement,Expert,PA TYPE,,
2021-12-23 11:54:51.637,2021-12-23 11:59:21.637,Sitting_With_Movement,Expert,PA TYPE,,
2021-12-23 11:59:24.637,2021-12-23 12:12:23.637,Sitting_With_Movement,Expert,PA TYPE,,
2021-12-23 12:12:27.637,2021-12-23 12:18:20.637,Sitting_With_Movement,Expert,PA TYPE,,
2021-12-23 12:18:25.637,2021-12-23 12:21:11.637,Puttering_Around,Expert,PA TYPE,,
2021-12-23 12:21:11.637,2021-12-23 12:23:21.637,Puttering_Around,Expert,PA TYPE,,
2021-12-23 12:23:36.637,2021-12-23 12:23:53.637,Standing_With_Movement,Expert,PA TYPE,,
2021-12-23 12:24:11.637,2021-12-23 12:27:14.637,Standing_With_Movement,Expert,PA TYPE,,
2021-12-23 12:27:18.637,2021-12-23 12:27:51.637,Puttering_Around,Expert,PA TYPE,,
2021-12-23 12:28:53.637,2021-12-23 12:31:47.637,Puttering_Around,Expert,PA TYPE,,
2021-12-23 12:32:09.637,2021-12-23 12:39:37.650,Sitting_With_Movement,Expert,PA TYPE,,
2021-12-23 12:41:43.650,2021-12-23 12:42:06.650,Washing_Hands,Expert,PA TYPE,,
2021-12-23 12:42:36.650,2021-12-23 12:43:26.650,Puttering_Around,Expert,PA TYPE,,
2021-12-23 12:43:38.650,2021-12-23 12:46:59.650,Sitting_With_Movement,Expert,PA TYPE,,
2021-12-23 12:47:13.650,2021-12-23 13:08:58.650,PA_Type_VideoUnavailable/Indecipherable,Expert,PA TYPE,,
2021-12-23 13:09:06.650,2021-12-23 13:10:16.650,Puttering_Around,Expert,PA TYPE,,
2021-12-23 13:10:23.650,2021-12-23 13:12:28.650,Puttering_Around,Expert,PA TYPE,,
2021-12-23 13:12:32.650,2021-12-23 13:12:57.650,Puttering_Around,Expert,PA TYPE,,
2021-12-23 13:13:04.650,2021-12-23 13:13:34.650,Puttering_Around,Expert,PA TYPE,,
2021-12-23 13:13:41.650,2021-12-23 13:15:19.650,Puttering_Around,Expert,PA TYPE,,
2021-12-23 13:15:21.650,2021-12-23 13:15:53.650,Standing_With_Movement,Expert,PA TYPE,,
2021-12-23 13:15:58.650,2021-12-23 13:16:17.650,Puttering_Around,Expert,PA TYPE,,
2021-12-23 13:16:18.650,2021-12-23 13:16:35.650,Walking,Expert,PA TYPE,,
2021-12-23 13:16:38.650,2021-12-23 13:19:46.650,Walking,Expert,PA TYPE,,
2021-12-23 13:19:47.650,2021-12-23 13:20:27.650,Walking,Expert,PA TYPE,,
2021-12-23 13:20:28.650,2021-12-23 13:22:18.650,Standing_With_Movement,Expert,PA TYPE,,
2021-12-23 13:22:31.650,2021-12-23 13:24:08.650,Walking,Expert,PA TYPE,,
2021-12-23 13:24:10.650,2021-12-23 13:24:39.650,Walking,Expert,PA TYPE,,
2021-12-23 13:24:44.650,2021-12-23 13:26:02.650,Walking,Expert,PA TYPE,,
2021-12-23 13:26:05.650,2021-12-23 13:26:27.650,Walking,Expert,PA TYPE,,
2021-12-23 13:26:28.650,2021-12-23 13:26:42.650,Walking,Expert,PA TYPE,,
2021-12-23 13:28:51.650,2021-12-23 13:29:22.650,Puttering_Around,Expert,PA TYPE,,
2021-12-23 13:29:25.650,2021-12-23 13:29:48.650,Sitting_With_Movement,Expert,PA TYPE,,
2021-12-23 13:30:03.650,2021-12-23 13:38:10.650,Puttering_Around,Expert,PA TYPE,,
2021-12-23 13:38:16.662,2021-12-23 13:38:46.662,Sitting_With_Movement,Expert,PA TYPE,,
2021-12-23 13:38:56.662,2021-12-23 13:40:18.662,Puttering_Around,Expert,PA TYPE,,
2021-12-23 13:40:39.662,2021-12-23 13:43:42.662,Puttering_Around,Expert,PA TYPE,,
2021-12-23 13:43:46.662,2021-12-23 13:44:55.662,Puttering_Around,Expert,PA TYPE,,
2021-12-23 13:44:56.662,2021-12-23 14:00:16.662,Puttering_Around,Expert,PA TYPE,,
2021-12-23 14:00:25.662,2021-12-23 14:06:02.662,Puttering_Around,Expert,PA TYPE,,
2021-12-23 14:06:15.662,2021-12-23 14:30:48.662,Puttering_Around,Expert,PA TYPE,,
2021-12-23 14:30:51.662,2021-12-23 14:39:24.662,Puttering_Around,Expert,PA TYPE,,
2021-12-23 14:39:25.662,2021-12-23 14:39:41.662,Walking,Expert,PA TYPE,,
2021-12-23 14:39:53.662,2021-12-23 14:40:26.662,Walking,Expert,PA TYPE,,
2021-12-23 14:40:27.662,2021-12-23 14:45:37.675,Walking,Expert,PA TYPE,,
2021-12-23 14:46:01.675,2021-12-23 14:46:05.675,Walking,Expert,PA TYPE,,
2021-12-23 14:46:09.675,2021-12-23 14:46:30.675,Puttering_Around,Expert,PA TYPE,,
2021-12-23 14:46:43.675,2021-12-23 14:47:05.675,Puttering_Around,Expert,PA TYPE,,
2021-12-23 14:47:07.675,2021-12-23 14:47:46.675,Standing_With_Movement,Expert,PA TYPE,,
2021-12-23 14:47:51.675,2021-12-23 14:48:19.675,Puttering_Around,Expert,PA TYPE,,
2021-12-23 14:48:33.675,2021-12-23 14:51:05.675,Sitting_With_Movement,Expert,PA TYPE,,
2021-12-23 14:51:11.675,2021-12-23 14:52:36.675,Sitting_With_Movement,Expert,PA TYPE,,
2021-12-23 14:52:42.675,2021-12-23 14:53:17.675,Sitting_With_Movement,Expert,PA TYPE,,
2021-12-23 14:53:22.675,2021-12-23 14:54:29.675,Sitting_With_Movement,Expert,PA TYPE,,
2021-12-23 14:54:47.675,2021-12-23 15:01:47.675,Sitting_With_Movement,Expert,PA TYPE,,
2021-12-23 15:02:06.675,2021-12-23 15:05:02.675,Sitting_With_Movement,Expert,PA TYPE,,
2021-12-23 15:05:06.675,2021-12-23 15:10:03.675,Sitting_With_Movement,Expert,PA TYPE,,
2021-12-23 15:11:56.675,2021-12-23 15:25:17.675,Sitting_With_Movement,Expert,PA TYPE,,
2021-12-23 15:25:44.675,2021-12-23 15:32:23.675,Sitting_With_Movement,Expert,PA TYPE,,
2021-12-23 15:32:36.675,2021-12-23 15:35:41.675,Sitting_With_Movement,Expert,PA TYPE,,
2021-12-23 15:37:06.675,2021-12-23 15:37:26.675,Sitting_With_Movement,Expert,PA TYPE,,
2021-12-23 15:37:32.675,2021-12-23 15:38:28.675,Puttering_Around,Expert,PA TYPE,,
2021-12-23 15:38:40.675,2021-12-23 15:44:05.675,Sitting_With_Movement,Expert,PA TYPE,,
2021-12-23 15:44:08.675,2021-12-23 15:44:52.675,Sitting_With_Movement,Expert,PA TYPE,,
2021-12-23 15:44:59.675,2021-12-23 15:45:41.675,Sitting_With_Movement,Expert,PA TYPE,,
2021-12-23 15:45:45.675,2021-12-23 15:47:43.675,Sitting_With_Movement,Expert,PA TYPE,,
2021-12-23 15:47:57.675,2021-12-23 15:48:40.675,Sitting_With_Movement,Expert,PA TYPE,,
2021-12-23 15:48:43.675,2021-12-23 15:49:05.675,Puttering_Around,Expert,PA TYPE,,
2021-12-23 15:49:18.675,2021-12-23 15:53:35.687,Sitting_With_Movement,Expert,PA TYPE,,
2021-12-23 15:53:39.687,2021-12-23 16:02:56.687,Sitting_With_Movement,Expert,PA TYPE,,
2021-12-23 16:03:05.687,2021-12-23 16:04:03.687,Puttering_Around,Expert,PA TYPE,,
2021-12-23 16:04:05.687,2021-12-23 16:04:11.687,Washing_Hands,Expert,PA TYPE,,
2021-12-23 16:04:13.687,2021-12-23 16:04:42.687,Puttering_Around,Expert,PA TYPE,,
2021-12-23 16:04:44.687,2021-12-23 16:05:02.687,Standing_With_Movement,Expert,PA TYPE,,
2021-12-23 16:05:29.687,2021-12-23 16:10:36.687,Puttering_Around,Expert,PA TYPE,,
2021-12-23 16:10:42.687,2021-12-23 16:13:42.687,Puttering_Around,Expert,PA TYPE,,
2021-12-23 16:13:46.687,2021-12-23 16:14:07.687,Puttering_Around,Expert,PA TYPE,,
2021-12-23 16:14:10.687,2021-12-23 16:27:56.687,Standing_With_Movement,Expert,PA TYPE,,
2021-12-23 16:28:01.687,2021-12-23 16:28:58.687,Puttering_Around,Expert,PA TYPE,,
2021-12-23 16:29:02.687,2021-12-23 16:36:39.687,Standing_With_Movement,Expert,PA TYPE,,
2021-12-23 16:37:33.687,2021-12-23 16:39:40.687,Puttering_Around,Expert,PA TYPE,,
2021-12-23 16:39:47.687,2021-12-23 16:42:53.687,Puttering_Around,Expert,PA TYPE,,
2021-12-23 16:43:01.687,2021-12-23 16:46:06.687,Standing_With_Movement,Expert,PA TYPE,,
2021-12-23 16:46:12.687,2021-12-23 16:46:34.687,Puttering_Around,Expert,PA TYPE,,
2021-12-23 16:46:40.687,2021-12-23 16:51:46.687,Sitting_With_Movement,Expert,PA TYPE,,
2021-12-23 16:51:52.687,2021-12-23 16:57:23.700,Puttering_Around,Expert,PA TYPE,,
2021-12-23 16:57:31.700,2021-12-23 16:58:14.700,Standing_With_Movement,Expert,PA TYPE,,
2021-12-23 16:58:28.700,2021-12-23 17:02:43.700,Sitting_With_Movement,Expert,PA TYPE,,
2021-12-23 17:03:01.700,2021-12-23 17:03:38.700,Sitting_With_Movement,Expert,PA TYPE,,
2021-12-23 17:03:46.700,2021-12-23 17:05:22.700,Puttering_Around,Expert,PA TYPE,,
2021-12-23 17:05:26.700,2021-12-23 17:05:56.700,Puttering_Around,Expert,PA TYPE,,
2021-12-23 17:06:00.700,2021-12-23 17:06:48.700,Sitting_With_Movement,Expert,PA TYPE,,
2021-12-23 17:06:53.700,2021-12-23 17:07:08.700,Puttering_Around,Expert,PA TYPE,,
2021-12-23 17:07:11.700,2021-12-23 17:07:35.700,Sitting_With_Movement,Expert,PA TYPE,,
2021-12-23 17:07:51.700,2021-12-23 17:09:56.700,Puttering_Around,Expert,PA TYPE,,
2021-12-23 17:10:02.700,2021-12-23 17:15:06.700,Sitting_With_Movement,Expert,PA TYPE,,
2021-12-23 17:15:31.700,2021-12-23 17:16:25.700,Standing_With_Movement,Expert,PA TYPE,,
2021-12-23 17:16:46.700,2021-12-23 17:17:33.700,Standing_With_Movement,Expert,PA TYPE,,
2021-12-23 17:17:37.700,2021-12-23 17:17:48.700,Washing_Hands,Expert,PA TYPE,,
2021-12-23 17:17:57.700,2021-12-23 17:19:59.700,Puttering_Around,Expert,PA TYPE,,
2021-12-23 17:20:11.700,2021-12-23 17:22:07.700,Puttering_Around,Expert,PA TYPE,,
2021-12-23 17:22:11.700,2021-12-23 17:23:42.700,Puttering_Around,Expert,PA TYPE,,
2021-12-23 17:24:13.700,2021-12-23 17:24:30.700,Putting_Clothes_Away,Expert,PA TYPE,,
2021-12-23 17:25:40.700,2021-12-23 17:43:39.700,Puttering_Around,Expert,PA TYPE,,
2021-12-23 17:43:48.700,2021-12-23 17:47:11.700,Standing_With_Movement,Expert,PA TYPE,,
2021-12-23 17:47:16.700,2021-12-23 17:48:54.700,Puttering_Around,Expert,PA TYPE,,
2021-12-23 17:48:58.700,2021-12-23 17:51:35.700,Standing_With_Movement,Expert,PA TYPE,,
2021-12-23 17:51:42.700,2021-12-23 18:01:23.700,Puttering_Around,Expert,PA TYPE,,
2021-12-23 18:01:35.700,2021-12-23 18:04:45.712,Standing_With_Movement,Expert,PA TYPE,,
2021-12-23 18:04:53.712,2021-12-23 18:10:00.712,Puttering_Around,Expert,PA TYPE,,
2021-12-23 18:10:06.712,2021-12-23 18:13:28.712,Standing_With_Movement,Expert,PA TYPE,,
2021-12-23 18:13:35.712,2021-12-23 18:16:56.712,Puttering_Around,Expert,PA TYPE,,
2021-12-23 18:17:21.712,2021-12-23 18:18:39.712,Sitting_With_Movement,Expert,PA TYPE,,
2021-12-23 18:18:44.712,2021-12-23 18:18:58.712,Puttering_Around,Expert,PA TYPE,,
2021-12-23 18:19:01.712,2021-12-23 18:19:51.712,Standing_With_Movement,Expert,PA TYPE,,
2021-12-23 18:20:04.712,2021-12-23 18:24:40.712,Sitting_With_Movement,Expert,PA TYPE,,
2021-12-23 18:24:42.712,2021-12-23 18:33:34.712,Sitting_With_Movement,Expert,PA TYPE,,
2021-12-23 18:34:48.712,2021-12-23 18:44:00.712,Sitting_With_Movement,Expert,PA TYPE,,
2021-12-23 18:44:24.712,2021-12-23 18:58:37.712,Sitting_With_Movement,Expert,PA TYPE,,
2021-12-23 18:59:01.712,2021-12-23 19:03:45.712,Puttering_Around,Expert,PA TYPE,,
2021-12-23 19:03:51.712,2021-12-23 19:06:11.712,Puttering_Around,Expert,PA TYPE,,
2021-12-23 19:06:44.712,2021-12-23 19:15:30.725,Sitting_With_Movement,Expert,PA TYPE,,
2021-12-23 19:15:43.725,2021-12-23 19:29:43.725,Sitting_With_Movement,Expert,PA TYPE,,
2021-12-23 19:30:08.725,2021-12-23 19:49:42.725,Sitting_With_Movement,Expert,PA TYPE,,
2021-12-23 19:49:46.725,2021-12-23 19:53:21.725,Sitting_With_Movement,Expert,PA TYPE,,
2021-12-23 19:53:27.725,2021-12-23 19:53:36.725,Puttering_Around,Expert,PA TYPE,,
2021-12-23 19:54:00.725,2021-12-23 19:56:47.725,Puttering_Around,Expert,PA TYPE,,
2021-12-23 19:57:33.725,2021-12-23 21:01:17.737,Sitting_With_Movement,Expert,PA TYPE,,
2021-12-23 21:01:30.737,2021-12-23 21:01:33.737,Puttering_Around,Expert,PA TYPE,,
2021-12-23 21:01:39.737,2021-12-23 21:03:34.737,Puttering_Around,Expert,PA TYPE,,
2021-12-23 21:03:47.737,2021-12-23 21:52:55.750,Sitting_With_Movement,Expert,PA TYPE,,
2021-12-23 21:53:07.750,2021-12-23 21:53:57.750,Puttering_Around,Expert,PA TYPE,,
2021-12-23 21:54:09.750,2021-12-23 21:54:16.750,Washing_Hands,Expert,PA TYPE,,
2021-12-23 21:54:39.750,2021-12-23 22:07:12.750,Sitting_With_Movement,Expert,PA TYPE,,
2021-12-23 22:07:37.750,2021-12-23 22:10:16.750,Puttering_Around,Expert,PA TYPE,,
2021-12-23 22:10:34.750,2021-12-23 22:11:58.750,Puttering_Around,Expert,PA TYPE,,
2021-12-23 22:12:35.750,2021-12-23 22:19:46.750,Sitting_With_Movement,Expert,PA TYPE,,
2021-12-23 22:21:08.750,2021-12-23 22:22:00.750,Puttering_Around,Expert,PA TYPE,,
2021-12-23 22:22:22.750,2021-12-23 22:23:09.750,Sitting_With_Movement,Expert,PA TYPE,,
2021-12-23 22:23:17.750,2021-12-23 22:26:28.762,Puttering_Around,Expert,PA TYPE,,
2021-12-23 22:26:38.762,2021-12-23 22:32:49.762,Sitting_With_Movement,Expert,PA TYPE,,
2021-12-23 22:33:07.762,2021-12-23 22:34:29.762,Puttering_Around,Expert,PA TYPE,,
2021-12-23 22:34:54.762,2021-12-23 22:40:19.762,Sitting_With_Movement,Expert,PA TYPE,,
2021-12-23 22:40:37.762,2021-12-23 22:40:52.762,Puttering_Around,Expert,PA TYPE,,
2021-12-23 22:41:06.762,2021-12-23 22:44:01.762,Standing_With_Movement,Expert,PA TYPE,,
2021-12-23 22:44:26.762,2021-12-23 22:48:18.762,Putting_Clothes_Away,Expert,PA TYPE,,
2021-12-23 22:48:31.762,2021-12-23 22:53:32.762,Sitting_With_Movement,Expert,PA TYPE,,
2021-12-23 22:53:58.762,2021-12-23 22:57:07.762,Puttering_Around,Expert,PA TYPE,,
2021-12-23 22:57:33.762,2021-12-23 23:38:01.775,PA_Type_VideoUnavailable/Indecipherable,Expert,PA TYPE,,
2021-12-23 23:40:17.775,2021-12-23 23:43:57.775,Puttering_Around,Expert,PA TYPE,,
2021-12-23 23:44:36.775,2021-12-23 23:59:14.775,Standing_With_Movement,Expert,PA TYPE,,
2021-12-23 23:59:40.775,2021-12-24 00:02:10.775,Standing_With_Movement,Expert,PA TYPE,,
2021-12-24 00:02:27.775,2021-12-24 00:05:30.775,Puttering_Around,Expert,PA TYPE,,
2021-12-24 00:05:54.775,2021-12-24 00:10:56.775,Standing_With_Movement,Expert,PA TYPE,,
2021-12-24 00:11:00.775,2021-12-24 00:11:10.775,Puttering_Around,Expert,PA TYPE,,
2021-12-24 00:12:42.775,2021-12-24 00:13:10.775,Puttering_Around,Expert,PA TYPE,,
2021-12-24 00:13:24.775,2021-12-24 00:35:36.775,Sitting_With_Movement,Expert,PA TYPE,,
2021-12-24 00:35:49.775,2021-12-24 01:11:06.787,Sitting_With_Movement,Expert,PA TYPE,,
2021-12-24 01:11:19.787,2021-12-24 01:11:43.787,Puttering_Around,Expert,PA TYPE,,
2021-12-24 01:11:51.787,2021-12-24 01:17:56.787,Sitting_With_Movement,Expert,PA TYPE,,
2021-12-24 01:18:17.787,2021-12-24 01:18:51.787,Washing_Hands,Expert,PA TYPE,,
2021-12-24 01:18:58.787,2021-12-24 01:19:35.787,Puttering_Around,Expert,PA TYPE,,
2021-12-24 01:19:56.787,2021-12-24 01:34:33.787,Sitting_With_Movement,Expert,PA TYPE,,
2021-12-24 01:34:56.787,2021-12-24 01:38:16.787,Sitting_With_Movement,Expert,PA TYPE,,
2021-12-24 01:38:29.787,2021-12-24 02:09:11.800,Sitting_With_Movement,Expert,PA TYPE,,
2021-12-24 02:10:24.800,2021-12-24 02:11:53.800,Washing_Hands,Expert,PA TYPE,,
2021-12-24 02:12:11.800,2021-12-24 02:13:14.800,Puttering_Around,Expert,PA TYPE,,
2021-12-24 02:13:45.800,2021-12-24 02:14:01.800,Puttering_Around,Expert,PA TYPE,,
2021-12-24 02:14:09.800,2021-12-24 02:15:08.800,Sitting_With_Movement,Expert,PA TYPE,,
2021-12-24 02:15:21.800,2021-12-24 02:16:48.800,Puttering_Around,Expert,PA TYPE,,
2021-12-24 02:17:05.800,2021-12-24 02:17:58.800,Standing_With_Movement,Expert,PA TYPE,,
2021-12-24 02:18:11.800,2021-12-24 02:21:54.800,Puttering_Around,Expert,PA TYPE,,
2021-12-24 02:27:02.800,2021-12-24 02:27:23.800,Synchronizing_Sensors,Expert,PA TYPE,,
2021-12-24 11:40:52.087,2021-12-24 11:41:19.087,Puttering_Around,Expert,PA TYPE,,
2021-12-24 11:41:20.087,2021-12-24 11:42:57.087,Standing_With_Movement,Expert,PA TYPE,,
2021-12-24 11:43:07.087,2021-12-24 11:43:28.087,Washing_Hands,Expert,PA TYPE,,
2021-12-24 11:45:04.087,2021-12-24 11:47:58.087,Puttering_Around,Expert,PA TYPE,,
2021-12-24 11:47:59.087,2021-12-24 11:48:18.087,Synchronizing_Sensors,Expert,PA TYPE,,
2021-12-24 11:48:49.087,2021-12-24 11:52:38.075,Sitting_With_Movement,Expert,PA TYPE,,
2021-12-24 11:53:25.075,2021-12-24 11:58:12.075,Sitting_With_Movement,Expert,PA TYPE,,
2021-12-24 11:58:24.075,2021-12-24 12:00:34.075,Sitting_With_Movement,Expert,PA TYPE,,
2021-12-24 12:01:01.075,2021-12-24 12:02:30.075,Puttering_Around,Expert,PA TYPE,,
2021-12-24 12:02:35.075,2021-12-24 12:04:26.075,Puttering_Around,Expert,PA TYPE,,
2021-12-24 12:04:43.075,2021-12-24 12:05:10.075,Sitting_With_Movement,Expert,PA TYPE,,
2021-12-24 12:05:22.075,2021-12-24 12:05:47.075,Puttering_Around,Expert,PA TYPE,,
2021-12-24 12:06:00.075,2021-12-24 12:10:05.062,Sitting_With_Movement,Expert,PA TYPE,,
2021-12-24 12:10:17.062,2021-12-24 12:11:01.062,Puttering_Around,Expert,PA TYPE,,
2021-12-24 12:11:15.062,2021-12-24 12:46:31.037,Sitting_With_Movement,Expert,PA TYPE,,
2021-12-24 12:46:48.025,2021-12-24 12:48:31.025,Puttering_Around,Expert,PA TYPE,,
2021-12-24 12:48:42.025,2021-12-24 12:50:14.025,Standing_With_Movement,Expert,PA TYPE,,
2021-12-24 12:50:27.025,2021-12-24 12:55:26.025,Sitting_With_Movement,Expert,PA TYPE,,
2021-12-24 12:55:38.025,2021-12-24 13:04:42.012,Puttering_Around,Expert,PA TYPE,,
2021-12-24 13:04:55.012,2021-12-24 13:46:31.975,Sitting_With_Movement,Expert,PA TYPE,,
2021-12-24 13:46:48.975,2021-12-24 13:46:54.975,Puttering_Around,Expert,PA TYPE,,
2021-12-24 13:47:18.975,2021-12-24 13:48:07.975,Puttering_Around,Expert,PA TYPE,,
2021-12-24 13:48:19.975,2021-12-24 14:02:19.962,Sitting_With_Movement,Expert,PA TYPE,,
2021-12-24 14:02:34.962,2021-12-24 14:03:57.962,Puttering_Around,Expert,PA TYPE,,
2021-12-24 14:04:03.962,2021-12-24 14:11:33.950,Sitting_With_Movement,Expert,PA TYPE,,
2021-12-24 14:11:34.950,2021-12-24 14:14:18.950,Sitting_With_Movement,Expert,PA TYPE,,
2021-12-24 14:14:36.950,2021-12-24 14:16:01.950,Sitting_With_Movement,Expert,PA TYPE,,
2021-12-24 14:17:37.950,2021-12-24 14:25:58.937,Sitting_With_Movement,Expert,PA TYPE,,
2021-12-24 14:26:11.937,2021-12-24 14:27:11.937,Sitting_With_Movement,Expert,PA TYPE,,
2021-12-24 14:27:42.937,2021-12-24 14:27:57.937,Washing_Hands,Expert,PA TYPE,,
2021-12-24 14:28:10.937,2021-12-24 14:28:33.937,Puttering_Around,Expert,PA TYPE,,
2021-12-24 14:28:47.937,2021-12-24 14:33:26.937,Sitting_With_Movement,Expert,PA TYPE,,
2021-12-24 14:33:43.937,2021-12-24 14:43:41.925,Sitting_With_Movement,Expert,PA TYPE,,
2021-12-24 14:43:53.925,2021-12-24 14:52:07.912,Sitting_With_Movement,Expert,PA TYPE,,
2021-12-24 14:52:22.912,2021-12-24 14:55:39.912,Sitting_With_Movement,Expert,PA TYPE,,
2021-12-24 14:55:52.912,2021-12-24 14:56:31.912,Puttering_Around,Expert,PA TYPE,,
2021-12-24 14:56:43.912,2021-12-24 15:07:44.900,Puttering_Around,Expert,PA TYPE,,
2021-12-24 15:08:08.900,2021-12-24 15:33:46.875,PA_Type_VideoUnavailable/Indecipherable,Expert,PA TYPE,,
2021-12-24 15:33:59.875,2021-12-24 15:34:39.875,Puttering_Around,Expert,PA TYPE,,
2021-12-24 15:34:39.875,2021-12-24 15:34:58.875,Standing_With_Movement,Expert,PA TYPE,,
2021-12-24 15:35:14.875,2021-12-24 15:35:46.875,Puttering_Around,Expert,PA TYPE,,
2021-12-24 15:35:58.875,2021-12-24 15:39:16.875,Puttering_Around,Expert,PA TYPE,,
2021-12-24 15:39:43.875,2021-12-24 15:39:46.875,Puttering_Around,Expert,PA TYPE,,
2021-12-24 15:40:47.875,2021-12-24 15:42:55.862,Puttering_Around,Expert,PA TYPE,,
2021-12-24 15:43:19.862,2021-12-24 15:43:31.862,Walking,Expert,PA TYPE,,
2021-12-24 15:43:35.862,2021-12-24 15:44:13.862,Walking,Expert,PA TYPE,,
2021-12-24 15:44:14.862,2021-12-24 15:45:20.862,Standing_With_Movement,Expert,PA TYPE,,
2021-12-24 15:45:28.862,2021-12-24 15:52:25.862,Walking,Expert,PA TYPE,,
2021-12-24 15:52:38.862,2021-12-24 15:54:38.862,Standing_With_Movement,Expert,PA TYPE,,
2021-12-24 15:54:49.862,2021-12-24 15:55:45.862,Standing_With_Movement,Expert,PA TYPE,,
2021-12-24 15:55:47.862,2021-12-24 15:57:27.850,Standing_With_Movement,Expert,PA TYPE,,
2021-12-24 15:57:39.850,2021-12-24 15:59:06.850,Standing_With_Movement,Expert,PA TYPE,,
2021-12-24 15:59:12.850,2021-12-24 16:03:35.850,Standing_With_Movement,Expert,PA TYPE,,
2021-12-24 16:03:39.850,2021-12-24 16:03:51.850,Puttering_Around,Expert,PA TYPE,,
2021-12-24 16:03:54.850,2021-12-24 16:05:04.850,Puttering_Around,Expert,PA TYPE,,
2021-12-24 16:05:09.850,2021-12-24 16:07:20.850,Sitting_With_Movement,Expert,PA TYPE,,
2021-12-24 16:07:24.850,2021-12-24 16:07:50.850,Puttering_Around,Expert,PA TYPE,,
2021-12-24 16:07:52.850,2021-12-24 16:10:32.837,Walking,Expert,PA TYPE,,
2021-12-24 16:10:47.837,2021-12-24 16:14:17.837,Walking,Expert,PA TYPE,,
2021-12-24 16:14:24.837,2021-12-24 16:19:58.837,Puttering_Around,Expert,PA TYPE,,
2021-12-24 16:20:11.837,2021-12-24 16:25:02.825,Puttering_Around,Expert,PA TYPE,,
2021-12-24 16:25:18.825,2021-12-24 16:27:58.825,Puttering_Around,Expert,PA TYPE,,
2021-12-24 16:28:01.825,2021-12-24 16:32:25.825,Walking,Expert,PA TYPE,,
2021-12-24 16:32:30.825,2021-12-24 16:34:04.825,Puttering_Around,Expert,PA TYPE,,
2021-12-24 16:34:21.825,2021-12-24 16:53:53.800,Puttering_Around,Expert,PA TYPE,,
2021-12-24 16:54:06.800,2021-12-24 17:00:06.800,Puttering_Around,Expert,PA TYPE,,
2021-12-24 17:00:33.800,2021-12-24 17:08:17.787,Puttering_Around,Expert,PA TYPE,,
2021-12-24 17:09:05.787,2021-12-24 17:14:51.787,Puttering_Around,Expert,PA TYPE,,
2021-12-24 17:15:13.787,2021-12-24 17:18:18.775,Standing_With_Movement,Expert,PA TYPE,,
2021-12-24 17:18:30.775,2021-12-24 17:21:40.775,Standing_With_Movement,Expert,PA TYPE,,
2021-12-24 17:22:16.775,2021-12-24 17:36:38.762,PA_Type_VideoUnavailable/Indecipherable,Expert,PA TYPE,,
2021-12-24 17:36:53.762,2021-12-24 17:39:34.762,Puttering_Around,Expert,PA TYPE,,
2021-12-24 17:39:49.762,2021-12-24 17:41:12.762,Puttering_Around,Expert,PA TYPE,,
2021-12-24 17:41:51.762,2021-12-24 17:43:26.762,Puttering_Around,Expert,PA TYPE,,
2021-12-24 17:43:29.762,2021-12-24 17:44:03.750,Washing_Hands,Expert,PA TYPE,,
2021-12-24 17:44:17.750,2021-12-24 17:47:11.750,Puttering_Around,Expert,PA TYPE,,
2021-12-24 17:47:23.750,2021-12-24 17:56:04.750,Sitting_With_Movement,Expert,PA TYPE,,
2021-12-24 17:56:23.750,2021-12-24 17:59:55.737,Sitting_With_Movement,Expert,PA TYPE,,
2021-12-24 18:00:08.737,2021-12-24 18:26:35.712,Lying_With_Movement,Expert,PA TYPE,,
2021-12-24 18:27:01.712,2021-12-24 18:33:57.712,Sitting_With_Movement,Expert,PA TYPE,,
2021-12-24 18:34:11.712,2021-12-24 18:34:58.712,Puttering_Around,Expert,PA TYPE,,
2021-12-24 18:35:26.712,2021-12-24 18:36:51.712,Puttering_Around,Expert,PA TYPE,,
2021-12-24 18:37:06.712,2021-12-24 18:37:35.712,Puttering_Around,Expert,PA TYPE,,
2021-12-24 18:37:43.712,2021-12-24 18:51:46.687,Sitting_With_Movement,Expert,PA TYPE,,
2021-12-24 18:52:00.687,2021-12-24 18:54:04.687,Puttering_Around,Expert,PA TYPE,,
2021-12-24 18:55:18.687,2021-12-24 18:56:33.687,Puttering_Around,Expert,PA TYPE,,
2021-12-24 18:57:15.687,2021-12-24 19:03:22.687,Sitting_With_Movement,Expert,PA TYPE,,
2021-12-24 19:04:38.687,2021-12-24 19:08:56.675,Puttering_Around,Expert,PA TYPE,,
2021-12-24 19:09:08.675,2021-12-24 19:14:00.675,Puttering_Around,Expert,PA TYPE,,
2021-12-24 19:15:27.675,2021-12-24 20:39:57.587,Sitting_With_Movement,Expert,PA TYPE,,
2021-12-24 20:40:12.587,2021-12-24 20:43:42.587,Puttering_Around,Expert,PA TYPE,,
2021-12-24 20:44:45.587,2021-12-24 20:46:24.587,Standing_With_Movement,Expert,PA TYPE,,
2021-12-24 20:46:37.587,2021-12-24 20:48:44.587,Puttering_Around,Expert,PA TYPE,,
2021-12-24 20:48:57.587,2021-12-24 20:49:15.587,Sitting_With_Movement,Expert,PA TYPE,,
2021-12-24 20:49:32.587,2021-12-24 20:51:03.587,Standing_With_Movement,Expert,PA TYPE,,
2021-12-24 20:51:15.587,2021-12-24 20:52:58.587,Sitting_With_Movement,Expert,PA TYPE,,
2021-12-24 20:53:11.587,2021-12-24 20:56:23.575,Puttering_Around,Expert,PA TYPE,,
2021-12-24 20:56:49.575,2021-12-24 21:05:19.575,Lying_With_Movement,Expert,PA TYPE,,
2021-12-24 21:06:38.575,2021-12-24 21:33:34.550,Sitting_With_Movement,Expert,PA TYPE,,
2021-12-24 21:35:05.537,2021-12-24 21:52:00.525,Sitting_With_Movement,Expert,PA TYPE,,
2021-12-24 21:52:24.525,2021-12-24 21:52:27.525,Puttering_Around,Expert,PA TYPE,,
2021-12-24 21:52:39.525,2021-12-24 21:56:40.525,Lying_With_Movement,Expert,PA TYPE,,
2021-12-24 21:56:53.525,2021-12-24 21:58:04.525,Sitting_With_Movement,Expert,PA TYPE,,
2021-12-24 21:59:12.525,2021-12-24 21:59:50.525,Putting_Clothes_Away,Expert,PA TYPE,,
2021-12-24 22:02:41.512,2021-12-24 22:08:27.512,Sitting_With_Movement,Expert,PA TYPE,,
2021-12-24 22:08:39.512,2021-12-24 22:11:10.512,Sitting_With_Movement,Expert,PA TYPE,,
2021-12-24 22:11:31.512,2021-12-24 22:26:22.500,Sitting_With_Movement,Expert,PA TYPE,,
2021-12-24 22:26:44.500,2021-12-24 22:27:24.500,Puttering_Around,Expert,PA TYPE,,
2021-12-24 22:28:21.487,2021-12-24 23:43:18.425,Sitting_With_Movement,Expert,PA TYPE,,
2021-12-24 23:43:36.425,2021-12-24 23:48:17.425,Puttering_Around,Expert,PA TYPE,,
2021-12-24 23:48:17.425,2021-12-24 23:48:24.425,Washing_Hands,Expert,PA TYPE,,
2021-12-24 23:48:38.425,2021-12-24 23:51:36.412,Puttering_Around,Expert,PA TYPE,,
2021-12-24 23:51:48.412,2021-12-25 01:07:45.350,Sitting_With_Movement,Expert,PA TYPE,,
2021-12-25 01:08:20.350,2021-12-25 02:06:37.287,Lying_With_Movement,Expert,PA TYPE,,
2021-12-25 02:07:01.287,2021-12-25 02:16:57.287,Sitting_With_Movement,Expert,PA TYPE,,
2021-12-25 02:20:54.275,2021-12-25 02:23:01.275,Brushing_Teeth,Expert,PA TYPE,,
2021-12-25 02:23:25.275,2021-12-25 02:25:22.275,Puttering_Around,Expert,PA TYPE,,
2021-12-25 02:25:22.275,2021-12-25 02:25:27.275,Washing_Hands,Expert,PA TYPE,,
2021-12-25 02:26:27.275,2021-12-25 02:29:41.275,Lying_With_Movement,Expert,PA TYPE,,
2021-12-25 02:29:53.275,2021-12-25 02:57:56.250,Sitting_With_Movement,Expert,PA TYPE,,
2021-12-25 02:58:11.250,2021-12-25 02:58:33.237,Synchronizing_Sensors,Expert,PA TYPE,,
2021-12-25 12:41:00.250,2021-12-25 12:41:15.250,Synchronizing_Sensors,Expert,PA TYPE,,
2021-12-25 12:41:31.250,2021-12-25 13:41:04.187,Sitting_With_Movement,Expert,PA TYPE,,
2021-12-25 13:41:17.187,2021-12-25 13:43:08.187,Puttering_Around,Expert,PA TYPE,,
2021-12-25 13:43:09.187,2021-12-25 13:43:36.187,Washing_Hands,Expert,PA TYPE,,
2021-12-25 13:43:44.187,2021-12-25 13:44:42.187,Puttering_Around,Expert,PA TYPE,,
2021-12-25 13:44:42.187,2021-12-25 13:45:07.187,Washing_Hands,Expert,PA TYPE,,
2021-12-25 13:45:07.187,2021-12-25 13:46:47.187,Puttering_Around,Expert,PA TYPE,,
2021-12-25 13:46:47.187,2021-12-25 13:47:43.187,Puttering_Around,Expert,PA TYPE,,
2021-12-25 13:47:43.187,2021-12-25 13:48:47.187,Puttering_Around,Expert,PA TYPE,,
2021-12-25 13:48:47.187,2021-12-25 13:49:25.187,Puttering_Around,Expert,PA TYPE,,
2021-12-25 13:49:40.187,2021-12-25 14:08:57.162,Sitting_With_Movement,Expert,PA TYPE,,
2021-12-25 14:09:32.162,2021-12-25 14:12:04.162,Puttering_Around,Expert,PA TYPE,,
2021-12-25 14:12:04.162,2021-12-25 14:15:37.162,Puttering_Around,Expert,PA TYPE,,
2021-12-25 14:16:05.162,2021-12-25 14:16:24.162,Washing_Hands,Expert,PA TYPE,,
2021-12-25 14:16:24.162,2021-12-25 14:20:49.150,Standing_With_Movement,Expert,PA TYPE,,
2021-12-25 14:20:49.150,2021-12-25 14:21:08.150,Organizing_Shelf/Cabinet,Expert,PA TYPE,,
2021-12-25 14:21:12.150,2021-12-25 14:22:41.150,Puttering_Around,Expert,PA TYPE,,
2021-12-25 14:22:54.150,2021-12-25 14:36:43.137,Sitting_With_Movement,Expert,PA TYPE,,
2021-12-25 14:36:56.137,2021-12-25 14:39:01.137,Puttering_Around,Expert,PA TYPE,,
2021-12-25 14:39:18.137,2021-12-25 14:40:26.137,Sitting_With_Movement,Expert,PA TYPE,,
2021-12-25 14:40:40.137,2021-12-25 14:42:47.137,Puttering_Around,Expert,PA TYPE,,
2021-12-25 14:43:01.137,2021-12-25 15:28:39.087,Sitting_With_Movement,Expert,PA TYPE,,
2021-12-25 15:28:45.087,2021-12-25 15:29:06.087,Puttering_Around,Expert,PA TYPE,,
2021-12-25 15:29:08.087,2021-12-25 15:31:18.087,Standing_With_Movement,Expert,PA TYPE,,
2021-12-25 15:31:30.087,2021-12-25 15:35:08.087,Standing_With_Movement,Expert,PA TYPE,,
2021-12-25 15:35:09.087,2021-12-25 15:36:05.087,Puttering_Around,Expert,PA TYPE,,
2021-12-25 15:36:17.087,2021-12-25 15:36:25.087,Puttering_Around,Expert,PA TYPE,,
2021-12-25 15:36:49.087,2021-12-25 16:20:33.037,Sitting_With_Movement,Expert,PA TYPE,,
2021-12-25 16:21:02.037,2021-12-25 16:21:21.037,Washing_Hands,Expert,PA TYPE,,
2021-12-25 16:21:44.037,2021-12-25 16:22:10.037,Puttering_Around,Expert,PA TYPE,,
2021-12-25 16:22:11.037,2021-12-25 16:40:44.025,Standing_With_Movement,Expert,PA TYPE,,
2021-12-25 16:40:59.025,2021-12-25 16:41:17.025,Puttering_Around,Expert,PA TYPE,,
2021-12-25 16:41:30.025,2021-12-25 16:57:33.012,Sitting_With_Movement,Expert,PA TYPE,,
2021-12-25 16:58:19.012,2021-12-25 17:09:44.000,Sitting_With_Movement,Expert,PA TYPE,,
2021-12-25 17:10:07.000,2021-12-25 17:36:09.975,Sitting_With_Movement,Expert,PA TYPE,,
2021-12-25 17:36:22.975,2021-12-25 17:36:33.975,Puttering_Around,Expert,PA TYPE,,
2021-12-25 17:36:46.975,2021-12-25 17:39:41.975,Standing_With_Movement,Expert,PA TYPE,,
2021-12-25 17:39:51.962,2021-12-25 17:40:03.962,Washing_Hands,Expert,PA TYPE,,
2021-12-25 17:40:30.962,2021-12-25 17:49:26.962,Standing_With_Movement,Expert,PA TYPE,,
2021-12-25 17:49:38.962,2021-12-25 17:50:06.962,Puttering_Around,Expert,PA TYPE,,
2021-12-25 17:50:08.962,2021-12-25 17:54:35.950,Puttering_Around,Expert,PA TYPE,,
2021-12-25 17:55:00.950,2021-12-25 18:05:34.950,Sitting_With_Movement,Expert,PA TYPE,,
2021-12-25 18:05:58.950,2021-12-25 18:51:10.900,PA_Type_VideoUnavailable/Indecipherable,Expert,PA TYPE,,
2021-12-25 18:57:35.900,2021-12-25 19:07:37.887,Sitting_With_Movement,Expert,PA TYPE,,
2021-12-25 19:08:32.887,2021-12-25 19:08:59.887,Puttering_Around,Expert,PA TYPE,,
2021-12-25 19:09:09.887,2021-12-25 19:09:57.887,Sitting_With_Movement,Expert,PA TYPE,,
2021-12-25 19:10:10.887,2021-12-25 19:17:36.875,Puttering_Around,Expert,PA TYPE,,
2021-12-25 19:17:59.875,2021-12-25 20:07:35.825,Sitting_With_Movement,Expert,PA TYPE,,
2021-12-25 20:07:59.825,2021-12-25 20:09:42.825,Puttering_Around,Expert,PA TYPE,,
2021-12-25 20:09:54.825,2021-12-25 20:11:17.825,Sitting_With_Movement,Expert,PA TYPE,,
2021-12-25 20:11:29.825,2021-12-25 20:18:24.825,Puttering_Around,Expert,PA TYPE,,
2021-12-25 20:18:38.825,2021-12-25 20:28:19.812,Sitting_With_Movement,Expert,PA TYPE,,
2021-12-25 20:28:32.812,2021-12-25 20:29:54.812,Puttering_Around,Expert,PA TYPE,,
2021-12-25 20:30:08.812,2021-12-25 20:43:41.800,Sitting_With_Movement,Expert,PA TYPE,,
2021-12-25 20:44:07.800,2021-12-25 20:46:24.800,Puttering_Around,Expert,PA TYPE,,
2021-12-25 20:46:42.800,2021-12-25 20:47:30.787,Puttering_Around,Expert,PA TYPE,,
2021-12-25 20:47:54.787,2021-12-25 20:59:37.787,Puttering_Around,Expert,PA TYPE,,
2021-12-25 20:59:47.787,2021-12-25 20:59:55.787,Washing_Hands,Expert,PA TYPE,,
2021-12-25 21:01:06.775,2021-12-25 21:06:32.775,Walking,Expert,PA TYPE,,
2021-12-25 21:07:00.775,2021-12-25 23:39:34.637,PA_Type_VideoUnavailable/Indecipherable,Expert,PA TYPE,,
2021-12-25 23:39:47.637,2021-12-25 23:46:15.625,Walking,Expert,PA TYPE,,
2021-12-25 23:46:28.625,2021-12-25 23:46:39.625,Puttering_Around,Expert,PA TYPE,,
2021-12-25 23:47:10.625,2021-12-25 23:47:54.625,Puttering_Around,Expert,PA TYPE,,
2021-12-25 23:47:55.625,2021-12-25 23:49:08.625,Puttering_Around,Expert,PA TYPE,,
2021-12-25 23:49:09.625,2021-12-25 23:50:55.625,Puttering_Around,Expert,PA TYPE,,
2021-12-25 23:50:57.625,2021-12-25 23:51:09.625,Washing_Hands,Expert,PA TYPE,,
2021-12-25 23:53:10.625,2021-12-26 00:19:03.600,Standing_With_Movement,Expert,PA TYPE,,
2021-12-26 00:19:05.600,2021-12-26 00:20:52.600,Puttering_Around,Expert,PA TYPE,,
2021-12-26 00:21:03.600,2021-12-26 00:22:13.587,Puttering_Around,Expert,PA TYPE,,
2021-12-26 00:22:35.587,2021-12-26 00:37:25.575,Sitting_With_Movement,Expert,PA TYPE,,
2021-12-26 00:37:37.575,2021-12-26 00:39:27.575,Sitting_With_Movement,Expert,PA TYPE,,
2021-12-26 00:39:53.575,2021-12-26 00:40:13.575,Washing_Hands,Expert,PA TYPE,,
2021-12-26 00:40:26.575,2021-12-26 00:41:52.575,Puttering_Around,Expert,PA TYPE,,
2021-12-26 00:42:29.575,2021-12-26 00:42:48.575,Lying_With_Movement,Expert,PA TYPE,,
2021-12-26 00:43:06.575,2021-12-26 00:43:38.575,Standing_With_Movement,Expert,PA TYPE,,
2021-12-26 00:43:58.575,2021-12-26 00:44:11.575,Puttering_Around,Expert,PA TYPE,,
2021-12-26 00:44:37.575,2021-12-26 00:48:40.562,Lying_With_Movement,Expert,PA TYPE,,
2021-12-26 00:48:54.562,2021-12-26 00:58:31.562,Sitting_With_Movement,Expert,PA TYPE,,
2021-12-26 00:58:44.562,2021-12-26 01:03:01.550,Sitting_With_Movement,Expert,PA TYPE,,
2021-12-26 01:03:15.550,2021-12-26 01:04:05.550,Puttering_Around,Expert,PA TYPE,,
2021-12-26 01:04:41.550,2021-12-26 01:05:39.550,Washing_Hands,Expert,PA TYPE,,
2021-12-26 01:05:44.550,2021-12-26 01:06:01.550,Puttering_Around,Expert,PA TYPE,,
2021-12-26 01:06:19.550,2021-12-26 01:06:23.550,Sitting_With_Movement,Expert,PA TYPE,,
2021-12-26 01:06:51.550,2021-12-26 01:07:18.550,Puttering_Around,Expert,PA TYPE,,
2021-12-26 01:07:37.550,2021-12-26 01:26:51.537,Sitting_With_Movement,Expert,PA TYPE,,
2021-12-26 01:27:06.537,2021-12-26 02:22:50.475,Sitting_With_Movement,Expert,PA TYPE,,
2021-12-26 02:23:08.475,2021-12-26 02:25:03.475,Washing_Hands,Expert,PA TYPE,,
2021-12-26 02:25:06.475,2021-12-26 02:25:34.475,Puttering_Around,Expert,PA TYPE,,
2021-12-26 02:25:51.475,2021-12-26 02:27:44.475,Sitting_With_Movement,Expert,PA TYPE,,
2021-12-26 02:28:01.475,2021-12-26 02:28:46.475,Puttering_Around,Expert,PA TYPE,,
2021-12-26 02:28:51.475,2021-12-26 02:41:18.462,Standing_With_Movement,Expert,PA TYPE,,
2021-12-26 02:41:42.462,2021-12-26 02:44:01.462,Puttering_Around,Expert,PA TYPE,,
2021-12-26 02:44:42.462,2021-12-26 02:44:59.462,Washing_Hands,Expert,PA TYPE,,
2021-12-26 02:45:19.462,2021-12-26 02:52:34.450,Standing_With_Movement,Expert,PA TYPE,,
2021-12-26 02:52:47.450,2021-12-26 02:54:31.450,Puttering_Around,Expert,PA TYPE,,
2021-12-26 02:54:34.450,2021-12-26 02:56:56.450,Standing_With_Movement,Expert,PA TYPE,,
2021-12-26 02:56:59.450,2021-12-26 02:57:53.450,Puttering_Around,Expert,PA TYPE,,
2021-12-26 02:57:54.450,2021-12-26 02:58:22.450,Puttering_Around,Expert,PA TYPE,,
2021-12-26 02:58:25.450,2021-12-26 03:04:29.437,Puttering_Around,Expert,PA TYPE,,
2021-12-26 03:04:30.437,2021-12-26 03:04:52.437,Washing_Hands,Expert,PA TYPE,,
2021-12-26 03:04:53.437,2021-12-26 03:06:33.437,Puttering_Around,Expert,PA TYPE,,
2021-12-26 03:06:34.437,2021-12-26 03:09:55.437,Puttering_Around,Expert,PA TYPE,,
2021-12-26 03:09:58.437,2021-12-26 03:11:39.437,Puttering_Around,Expert,PA TYPE,,
2021-12-26 03:12:02.437,2021-12-26 03:52:35.400,Sitting_With_Movement,Expert,PA TYPE,,
2021-12-26 03:52:47.400,2021-12-26 03:53:39.400,Puttering_Around,Expert,PA TYPE,,
2021-12-26 03:53:54.400,2021-12-26 03:55:50.387,Brushing_Teeth,Expert,PA TYPE,,
2021-12-26 03:56:25.387,2021-12-26 03:59:34.387,Puttering_Around,Expert,PA TYPE,,
2021-12-26 03:59:37.387,2021-12-26 04:00:03.387,Synchronizing_Sensors,Expert,PA TYPE,,
2021-12-26 13:30:37.750,2021-12-26 13:31:05.750,Standing_With_Movement,Expert,PA TYPE,,
2021-12-26 13:31:13.750,2021-12-26 13:32:06.750,Puttering_Around,Expert,PA TYPE,,
2021-12-26 13:32:25.737,2021-12-26 13:44:12.712,Sitting_With_Movement,Expert,PA TYPE,,
2021-12-26 13:44:20.712,2021-12-26 13:45:45.712,Puttering_Around,Expert,PA TYPE,,
2021-12-26 13:45:54.712,2021-12-26 13:46:44.712,Puttering_Around,Expert,PA TYPE,,
2021-12-26 13:46:58.712,2021-12-26 13:52:16.700,Sitting_With_Movement,Expert,PA TYPE,,
2021-12-26 13:52:45.700,2021-12-26 13:53:36.687,Puttering_Around,Expert,PA TYPE,,
2021-12-26 13:53:50.687,2021-12-26 13:55:26.687,Puttering_Around,Expert,PA TYPE,,
2021-12-26 13:55:27.687,2021-12-26 13:56:24.687,Puttering_Around,Expert,PA TYPE,,
2021-12-26 13:56:39.687,2021-12-26 14:03:41.675,Sitting_With_Movement,Expert,PA TYPE,,
2021-12-26 14:03:55.675,2021-12-26 14:05:29.662,Puttering_Around,Expert,PA TYPE,,
2021-12-26 14:05:42.662,2021-12-26 14:09:43.650,Sitting_With_Movement,Expert,PA TYPE,,
2021-12-26 14:09:56.650,2021-12-26 14:16:51.637,Sitting_With_Movement,Expert,PA TYPE,,
2021-12-26 14:17:01.637,2021-12-26 14:17:39.637,Puttering_Around,Expert,PA TYPE,,
2021-12-26 14:17:54.637,2021-12-26 14:46:59.562,Sitting_With_Movement,Expert,PA TYPE,,
2021-12-26 14:47:15.562,2021-12-26 14:48:39.562,Puttering_Around,Expert,PA TYPE,,
2021-12-26 14:48:39.562,2021-12-26 14:49:45.562,Standing_With_Movement,Expert,PA TYPE,,
2021-12-26 14:49:49.562,2021-12-26 14:50:01.562,Puttering_Around,Expert,PA TYPE,,
2021-12-26 14:50:03.562,2021-12-26 14:50:17.562,Washing_Hands,Expert,PA TYPE,,
2021-12-26 14:50:18.562,2021-12-26 14:53:43.550,Standing_With_Movement,Expert,PA TYPE,,
2021-12-26 14:53:49.550,2021-12-26 14:55:02.550,Puttering_Around,Expert,PA TYPE,,
2021-12-26 14:55:04.550,2021-12-26 14:55:30.550,Puttering_Around,Expert,PA TYPE,,
2021-12-26 14:55:31.550,2021-12-26 14:55:57.550,Puttering_Around,Expert,PA TYPE,,
2021-12-26 14:56:11.550,2021-12-26 14:56:38.550,Sitting_With_Movement,Expert,PA TYPE,,
2021-12-26 14:56:56.550,2021-12-26 15:00:43.537,Puttering_Around,Expert,PA TYPE,,
2021-12-26 15:01:08.537,2021-12-26 15:02:34.525,Puttering_Around,Expert,PA TYPE,,
2021-12-26 15:03:12.525,2021-12-26 15:12:31.512,Sitting_With_Movement,Expert,PA TYPE,,
2021-12-26 15:12:46.512,2021-12-26 15:14:50.500,Sitting_With_Movement,Expert,PA TYPE,,
2021-12-26 15:15:03.500,2021-12-26 15:17:04.500,Puttering_Around,Expert,PA TYPE,,
2021-12-26 15:17:18.500,2021-12-26 15:22:59.487,Sitting_With_Movement,Expert,PA TYPE,,
2021-12-26 15:23:59.475,2021-12-26 15:35:55.450,Sitting_With_Movement,Expert,PA TYPE,,
2021-12-26 15:36:11.450,2021-12-26 15:36:55.450,Puttering_Around,Expert,PA TYPE,,
2021-12-26 15:37:00.450,2021-12-26 15:38:21.450,Puttering_Around,Expert,PA TYPE,,
2021-12-26 15:38:37.450,2021-12-26 15:46:09.425,Sitting_With_Movement,Expert,PA TYPE,,
2021-12-26 15:46:14.425,2021-12-26 15:49:38.425,Puttering_Around,Expert,PA TYPE,,
2021-12-26 15:49:42.425,2021-12-26 15:56:08.400,Puttering_Around,Expert,PA TYPE,,
2021-12-26 15:56:09.400,2021-12-26 15:57:09.400,Puttering_Around,Expert,PA TYPE,,
2021-12-26 15:57:21.400,2021-12-26 15:58:31.400,Puttering_Around,Expert,PA TYPE,,
2021-12-26 15:58:31.400,2021-12-26 15:58:47.400,Washing_Hands,Expert,PA TYPE,,
2021-12-26 15:58:52.400,2021-12-26 16:00:45.400,Puttering_Around,Expert,PA TYPE,,
2021-12-26 16:01:00.387,2021-12-26 16:21:58.350,Sitting_With_Movement,Expert,PA TYPE,,
2021-12-26 16:22:18.337,2021-12-26 16:25:32.337,Sitting_With_Movement,Expert,PA TYPE,,
2021-12-26 16:25:46.337,2021-12-26 16:46:21.287,Sitting_With_Movement,Expert,PA TYPE,,
2021-12-26 16:46:57.287,2021-12-26 16:48:03.287,Standing_With_Movement,Expert,PA TYPE,,
2021-12-26 16:48:38.275,2021-12-26 16:49:40.275,Puttering_Around,Expert,PA TYPE,,
2021-12-26 16:49:52.275,2021-12-26 16:56:21.262,Standing_With_Movement,Expert,PA TYPE,,
2021-12-26 16:56:34.262,2021-12-26 16:58:47.262,Puttering_Around,Expert,PA TYPE,,
2021-12-26 16:59:12.250,2021-12-26 17:03:41.250,Sitting_With_Movement,Expert,PA TYPE,,
2021-12-26 17:03:58.250,2021-12-26 17:05:32.237,Standing_With_Movement,Expert,PA TYPE,,
2021-12-26 17:06:04.237,2021-12-26 17:08:12.237,Sitting_With_Movement,Expert,PA TYPE,,
2021-12-26 17:08:23.237,2021-12-26 17:08:53.237,Puttering_Around,Expert,PA TYPE,,
2021-12-26 17:09:10.237,2021-12-26 17:09:25.237,Washing_Hands,Expert,PA TYPE,,
2021-12-26 17:10:33.225,2021-12-26 17:23:48.200,Sitting_With_Movement,Expert,PA TYPE,,
2021-12-26 17:23:55.200,2021-12-26 17:25:36.200,Sitting_With_Movement,Expert,PA TYPE,,
2021-12-26 17:26:12.187,2021-12-26 18:16:26.075,Sitting_With_Movement,Expert,PA TYPE,,
2021-12-26 18:16:41.075,2021-12-26 18:18:13.075,Puttering_Around,Expert,PA TYPE,,
2021-12-26 18:18:25.075,2021-12-26 18:37:13.025,Sitting_With_Movement,Expert,PA TYPE,,
2021-12-26 18:37:19.025,2021-12-26 18:40:01.012,Puttering_Around,Expert,PA TYPE,,
2021-12-26 18:40:15.012,2021-12-26 19:05:07.962,Sitting_With_Movement,Expert,PA TYPE,,
2021-12-26 19:05:48.962,2021-12-26 19:06:05.962,Washing_Hands,Expert,PA TYPE,,
2021-12-26 19:06:18.962,2021-12-26 19:07:14.950,Puttering_Around,Expert,PA TYPE,,
2021-12-26 19:07:14.950,2021-12-26 19:07:43.950,Puttering_Around,Expert,PA TYPE,,
2021-12-26 19:08:02.950,2021-12-26 19:16:51.937,Lying_With_Movement,Expert,PA TYPE,,
2021-12-26 19:17:05.925,2021-12-26 19:31:51.900,Lying_With_Movement,Expert,PA TYPE,,
2021-12-26 19:32:10.900,2021-12-26 19:40:06.875,Lying_With_Movement,Expert,PA TYPE,,
2021-12-26 19:40:49.875,2021-12-26 19:41:05.875,Puttering_Around,Expert,PA TYPE,,
2021-12-26 19:41:11.875,2021-12-26 19:42:04.875,Puttering_Around,Expert,PA TYPE,,
2021-12-26 19:42:16.875,2021-12-26 19:42:36.875,Standing_With_Movement,Expert,PA TYPE,,
2021-12-26 19:42:52.875,2021-12-26 19:43:38.862,Sitting_With_Movement,Expert,PA TYPE,,
2021-12-26 19:43:44.862,2021-12-26 20:17:23.787,Sitting_With_Movement,Expert,PA TYPE,,
2021-12-26 20:17:37.787,2021-12-26 20:17:46.787,Puttering_Around,Expert,PA TYPE,,
2021-12-26 20:17:47.787,2021-12-26 20:19:18.787,Washing_Hands,Expert,PA TYPE,,
2021-12-26 20:19:56.787,2021-12-26 20:25:50.775,Puttering_Around,Expert,PA TYPE,,
2021-12-26 20:26:27.762,2021-12-26 20:27:50.762,Puttering_Around,Expert,PA TYPE,,
2021-12-26 20:28:02.762,2021-12-26 20:28:22.762,Puttering_Around,Expert,PA TYPE,,
2021-12-26 20:28:37.762,2021-12-26 21:15:52.650,Sitting_With_Movement,Expert,PA TYPE,,
2021-12-26 21:16:05.650,2021-12-26 21:17:12.650,Puttering_Around,Expert,PA TYPE,,
2021-12-26 21:17:13.650,2021-12-26 21:17:32.650,Washing_Hands,Expert,PA TYPE,,
2021-12-26 21:17:34.650,2021-12-26 21:18:12.650,Standing_With_Movement,Expert,PA TYPE,,
2021-12-26 21:18:53.650,2021-12-26 21:22:19.637,Standing_With_Movement,Expert,PA TYPE,,
2021-12-26 21:22:31.637,2021-12-26 21:25:58.625,Standing_With_Movement,Expert,PA TYPE,,
2021-12-26 21:25:59.625,2021-12-26 21:26:33.625,Puttering_Around,Expert,PA TYPE,,
2021-12-26 21:26:33.625,2021-12-26 21:26:44.625,Washing_Hands,Expert,PA TYPE,,
2021-12-26 21:26:56.625,2021-12-26 21:28:53.625,Puttering_Around,Expert,PA TYPE,,
2021-12-26 21:28:54.625,2021-12-26 21:29:30.625,Standing_With_Movement,Expert,PA TYPE,,
2021-12-26 21:29:34.625,2021-12-26 21:30:51.612,Puttering_Around,Expert,PA TYPE,,
2021-12-26 21:31:15.612,2021-12-26 22:58:50.412,Sitting_With_Movement,Expert,PA TYPE,,
2021-12-26 22:59:20.412,2021-12-26 23:01:37.400,Puttering_Around,Expert,PA TYPE,,
2021-12-26 23:01:38.400,2021-12-26 23:01:49.400,Washing_Hands,Expert,PA TYPE,,
2021-12-26 23:02:01.400,2021-12-26 23:02:51.400,Puttering_Around,Expert,PA TYPE,,
2021-12-26 23:03:08.400,2021-12-26 23:04:47.400,Sitting_With_Movement,Expert,PA TYPE,,
2021-12-26 23:05:00.400,2021-12-26 23:16:18.362,Sitting_With_Movement,Expert,PA TYPE,,
2021-12-26 23:16:30.362,2021-12-26 23:17:12.362,Puttering_Around,Expert,PA TYPE,,
2021-12-26 23:17:13.362,2021-12-26 23:19:30.362,Sitting_With_Movement,Expert,PA TYPE,,
2021-12-26 23:20:23.362,2021-12-26 23:21:02.350,Washing_Hands,Expert,PA TYPE,,
2021-12-26 23:21:15.350,2021-12-26 23:21:57.350,Puttering_Around,Expert,PA TYPE,,
2021-12-26 23:22:09.350,2021-12-26 23:58:04.275,Sitting_With_Movement,Expert,PA TYPE,,
2021-12-26 23:58:17.262,2021-12-26 23:59:45.262,Puttering_Around,Expert,PA TYPE,,
2021-12-26 23:59:48.262,2021-12-27 00:02:20.262,Brushing_Teeth,Expert,PA TYPE,,
2021-12-27 00:02:59.262,2021-12-27 00:07:53.250,Puttering_Around,Expert,PA TYPE,,
2021-12-27 00:08:08.250,2021-12-27 00:08:58.237,Puttering_Around,Expert,PA TYPE,,
2021-12-27 00:09:11.237,2021-12-27 00:10:59.237,Puttering_Around,Expert,PA TYPE,,
2021-12-27 00:11:22.237,2021-12-27 00:32:29.187,Lying_With_Movement,Expert,PA TYPE,,
2021-12-27 00:32:52.187,2021-12-27 01:08:01.100,PA_Type_VideoUnavailable/Indecipherable,Expert,PA TYPE,,
